-5.726270;-257.733998;-103.394127
142.961888;-198.177211;-26.959461
-110.816716;167.704647;170.759501
-150.963315;-133.115130;43.979971
24.057814;221.569135;-35.851148
-192.491138;-91.627048;-14.550360
-192.679378;32.347341;-76.355102
52.927414;-262.151891;-81.018180
-21.867935;21.591106;200.488843
174.601217;-164.431267;-104.917629
171.727194;-194.956862;-78.782846
81.476553;-242.154379;-36.847156
-17.633660;114.018179;-175.536122
-5.634381;-224.067636;-143.052272
144.015146;-212.334940;-89.037781
140.991922;-217.031283;-62.006180
32.896557;129.191416;190.788510
50.245186;-221.677254;22.079977
-76.116573;96.780961;205.319842
-33.426096;-232.069777;-138.814229
122.745075;-114.719270;99.233467
4.092294;66.715904;198.413293
-155.443976;-37.441656;125.221160
136.138658;-6.741350;-187.466058
-63.706963;69.122183;-192.695611
-60.284801;-193.428407;54.039636
-189.343162;96.677111;-53.999561
-2.845682;-40.012786;188.294436
-97.570272;-64.067688;-201.215323
77.155434;-110.870456;135.708551
-192.509710;-37.208519;-63.364572
-103.834294;111.258839;-159.438492
90.191109;118.983249;156.835660
-184.270921;128.017407;-34.851749
-116.278018;58.556073;-170.630063
-154.751064;223.923989;42.293791
-69.107395;-221.864352;-37.357958
-116.447868;-155.571869;63.941099
-49.717519;216.159682;145.389267
-159.339934;-133.032955;14.839155
111.794935;-138.472771;95.673612
-193.892669;-8.308793;-63.447737
-195.510545;44.580668;96.546312
-111.482328;179.553104;154.602849
-105.746510;97.909459;-161.003055
168.438492;-174.473909;-2.475844
-74.276423;-28.010823;-202.200065
82.197955;-37.471698;-222.245014
-85.180044;-161.949774;71.650172
111.124010;-155.643730;-202.405832
29.522925;-214.684833;60.951374
-191.672301;9.399480;-74.666291
-133.668114;13.622819;-170.141421
170.089593;-25.027045;-155.592215
-104.117322;84.915792;-161.137742
-159.404052;114.979911;158.367128
102.138783;137.110356;116.652700
58.268571;-250.604918;-63.144695
-94.674527;237.423796;27.917578
-141.636729;-46.240576;-160.657063
-109.476282;93.614137;-155.141909
5.575586;-226.257595;-164.137220
-65.850786;86.175044;208.375837
13.424309;243.101442;57.786109
114.527799;177.745533;-25.871141
-147.601274;167.228056;-51.898116
138.105727;72.954384;112.161472
-58.078933;-71.506316;170.375601
174.673555;-49.881020;52.909032
21.323842;59.925690;-204.645232
103.585027;-32.110493;-217.895884
-46.414945;-169.156428;-181.429959
102.424580;-167.256540;75.474529
-17.879238;-202.229842;52.662420
-52.332726;29.664223;188.798343
-68.520819;-176.250334;-172.805995
-114.750763;-44.064405;-189.326949
78.381001;-212.204703;-172.383983
-115.907994;155.569520;-119.321192
-14.061802;-28.332802;195.776349
78.873827;212.516754;15.380766
114.624132;-223.025219;-12.742538
119.119668;17.722430;-189.286212
101.906639;101.611087;147.984194
-98.292311;-10.374758;-194.415493
124.965542;-51.190138;129.095046
171.459890;-62.389580;75.862773
-102.493280;-35.222246;-197.256036
-61.648898;257.690086;33.736547
-83.094298;-209.603604;-113.665255
-51.269758;-13.685482;189.149405
-88.093965;-35.340360;179.855122
-102.380422;-168.830801;-141.221173
-145.407881;88.812402;-130.613749
-151.426177;28.840269;-142.940503
55.350415;-152.177159;116.997502
73.155048;-86.917188;-227.718868
21.092704;-249.726578;-147.913208
95.683305;-83.988452;134.823783
101.400074;28.996810;158.631034
173.529705;-71.388424;-152.362085
-118.739809;-161.744782;57.391475
-90.597326;-115.585812;-195.327693
24.018539;-234.624431;-174.434578
-4.137810;42.846621;209.487254
-125.146640;191.517650;138.179700
-208.611993;77.917934;-41.992183
-69.948714;-226.919417;-30.734001
-154.326409;-127.745504;35.321351
-99.063902;59.794514;-177.865836
7.345391;-233.593772;-139.764671
124.717271;-210.568806;2.867248
-28.310071;93.936615;-185.245770
5.305800;-201.945257;77.990421
-152.247001;-25.843103;-150.150261
-194.806610;78.130821;-52.981657
-45.761836;-232.836442;-79.621948
196.441954;-137.679513;-35.420073
-82.318284;62.953055;-184.679525
205.698420;-45.469084;-3.864168
-176.464815;88.366941;133.782396
-148.519087;-135.314879;-112.897704
-144.462827;-24.682248;-158.128837
-8.428912;112.172258;198.336455
-130.364084;144.919649;-110.289702
93.151415;-238.917651;-102.418437
155.775581;-123.189522;53.342147
-6.478710;132.288468;-168.974651
-77.115965;255.918670;57.238142
-54.107349;-168.376544;90.587058
48.628875;-46.547414;181.161298
-69.652616;-2.589990;-208.405899
-53.307703;155.349058;-141.582724
-157.663645;-10.451048;-143.871283
-70.204727;-140.059490;107.271136
85.042620;79.002388;-184.443537
-40.534592;-230.709114;13.712453
-170.187009;196.329071;36.244623
-13.275791;138.407935;198.959799
-146.534858;93.373414;172.518906
-138.437547;50.319754;-144.810490
67.544956;-216.554254;42.940837
-4.234133;-168.949680;-217.081005
-79.002249;-87.060175;150.589374
-6.849637;46.953695;-213.642477
-42.899193;215.401054;-76.095940
183.770063;33.878588;-85.796238
60.327692;-110.575692;140.182420
-81.316964;100.830860;-172.807917
165.214585;-52.728263;-170.095808
-49.990754;14.245136;-213.305236
-13.519328;180.915544;182.491241
-104.888602;112.215248;-152.785921
-17.537162;-179.967719;95.658525
121.796175;-203.530752;29.389979
159.240672;-102.709677;-173.632533
44.046400;201.219258;-65.991833
-199.403079;3.581291;-56.670108
-130.677743;-123.044120;70.020447
-100.490179;46.417940;-183.068575
-70.426861;161.454035;179.852951
69.661532;-11.734157;173.153400
-162.366606;184.644579;81.778386
-45.518791;144.201889;199.439458
96.111331;-124.234875;112.726705
125.189086;109.172513;-111.494114
-25.116103;-2.132017;-226.672653
96.625013;-60.746888;153.249427
-2.355062;157.443069;-143.243040
91.113368;-92.390154;135.047043
-134.321585;184.816494;146.064508
-64.778004;-167.146648;-174.182322
-213.266117;38.980469;-4.623589
-191.526096;-81.772108;-21.166203
-172.944121;-121.782281;-41.426132
23.352943;227.267355;-46.445068
-69.008125;223.025782;-47.753396
-77.112435;69.249709;-188.550712
-206.158715;2.525662;23.818777
-60.562642;-230.318707;-94.121880
67.261040;48.079632;183.296765
21.748864;181.475271;170.718120
-19.459728;-24.788111;188.673806
60.710329;-88.078990;154.752706
172.378564;-20.556275;87.465205
55.871729;160.334356;159.584280
-137.151031;139.000336;168.578477
-205.185747;78.048063;69.812514
60.190300;0.868931;-226.723667
28.059242;-233.943660;21.644424
184.340585;-33.953218;39.984338
-74.764011;73.569737;-184.555350
-210.247855;67.796978;-8.096137
-83.770652;-21.515772;-207.008281
-136.618546;76.009000;160.855707
-146.467638;-147.658465;-55.267109
-90.793687;74.788191;-174.520176
-72.838439;-178.347507;62.191143
-137.424930;91.283630;-135.686283
36.502747;133.376618;183.042700
103.002393;-59.410328;146.101001
-88.393401;46.421834;-182.267737
194.790852;10.517468;-20.949306
189.454309;-123.157211;-14.286790
-88.144900;181.886571;177.060125
-32.810564;-48.255730;188.589347
-136.505702;59.194560;-149.244968
-199.499972;91.294550;58.523324
45.891811;-45.042085;166.302373
53.410430;223.681375;-1.943798
75.826672;-83.434887;149.812022
165.538966;-20.947456;-154.105928
13.131487;-255.629331;-68.819084
101.347425;-80.912421;-229.450422
82.639685;-92.316987;132.237643
105.843996;-98.465133;124.915002
-133.520049;-173.289689;-16.721304
187.481075;-120.327744;-21.161980
-188.697341;64.454919;118.073796
107.404710;-65.245755;140.810345
60.038655;104.092088;-170.394978
110.552052;104.428919;144.646663
109.333467;-224.241414;-39.544668
-160.911890;161.199358;126.053283
-160.227106;123.646102;154.453614
-122.234289;141.836365;-99.065683
82.347162;-153.558657;98.191122
168.476136;96.167315;-76.072581
160.540383;-187.481438;-97.218254
-103.703757;-33.688057;166.816822
-193.659493;125.602190;87.376250
150.584002;-167.735737;22.002192
166.691035;48.523715;86.816813
102.931985;117.445723;136.955914
117.004741;-63.654195;128.274520
-41.683314;-105.299844;154.864178
89.307470;-220.833436;-162.034837
107.777491;-40.902113;144.649979
-77.653639;84.437261;-178.492975
90.493691;84.224271;159.178501
-52.272140;148.498059;196.717106
-32.472206;-236.410769;14.094847
59.662025;173.035385;-107.177386
-17.552903;169.330035;183.146442
-147.272246;30.020112;-147.172253
120.909811;-225.454230;-96.389302
76.191067;-131.997300;126.567053
-125.092128;210.486044;-22.102827
-98.945597;47.149072;-189.900809
162.036926;-64.768302;-167.533249
-136.467028;213.137317;53.032411
106.582855;153.777009;-84.789583
50.959307;111.671783;-171.299112
-130.516406;86.262719;-146.381573
111.116464;2.264171;150.416838
-147.337339;5.448061;-154.532574
-5.117501;181.578559;174.884927
-36.527990;88.676856;200.777872
45.870385;-123.831203;-229.050272
14.410174;-237.813359;6.057074
56.854900;-141.025001;-234.544750
-86.166054;-6.398729;-204.704994
163.371207;-140.656961;22.574569
71.894748;-64.397774;155.818943
141.334213;137.719017;78.031343
-55.829810;-230.630229;-53.437728
106.410097;-36.557307;139.807410
129.476761;-162.380406;56.227852
-23.951475;112.303953;205.645932
-141.607317;98.839803;-140.997066
87.484231;6.952014;156.276563
-68.113931;-82.535513;156.383904
-165.545989;112.524785;137.202176
96.452125;-64.425823;146.529174
158.033552;82.422633;65.211886
-21.433201;-42.290754;-230.900467
-175.038129;161.247921;-7.995201
-18.065379;-86.275971;167.241513
137.967018;-205.426276;-123.749353
48.726331;-61.340136;165.711173
-103.110644;137.615959;-133.076561
-89.717589;218.321415;-58.964580
47.305537;35.201561;-212.527471
126.144473;-71.138558;117.250340
-30.743217;-224.550088;-126.031747
-126.450228;196.578140;-52.540365
114.504899;-17.132950;156.725759
-189.639925;131.512458;30.409212
185.978880;61.495537;-37.807918
-103.042810;198.488189;-76.156332
-35.293905;146.580765;210.111580
177.004045;-78.876907;57.157130
113.899799;98.230491;143.649718
-210.267376;12.495655;47.252113
-77.661649;-190.744599;43.521172
-200.554686;109.637793;-30.475731
-52.483302;-241.702608;-64.102039
-128.669418;129.780523;163.819600
-75.864423;78.292930;-188.861889
203.095924;-19.836483;-81.866795
187.506984;-130.368148;-1.656087
152.735270;-25.488770;111.589816
127.288358;114.411457;110.052486
64.383806;-245.268890;-132.305824
69.916448;179.472538;122.323551
-14.904082;-132.041758;-223.558001
-148.889780;-29.918562;-153.956214
173.797040;82.061860;-5.944087
-126.952662;212.374026;127.958180
-11.614484;-244.645360;-11.742114
80.187280;-15.760723;172.693083
189.699990;-88.175383;33.041803
76.014662;-87.131297;137.024782
-104.071022;-99.977475;125.706034
177.072026;-0.752499;83.228995
-105.700886;192.896892;158.447214
-49.999843;-25.549339;185.036010
-204.518697;110.200305;52.176266
-83.913561;126.873390;-145.916627
26.227482;58.265910;-203.712490
-103.644354;-200.150301;-71.406179
-137.365749;107.197451;167.158699
174.001190;32.332875;-111.540414
122.279902;13.046167;139.847391
-87.745650;-160.620763;94.182381
-198.458489;47.599191;103.018967
-175.924030;163.287300;-22.456777
120.438100;59.484205;141.427603
-160.654162;208.883328;67.877162
172.776292;49.165349;74.141191
15.541212;160.567984;173.881241
-124.183695;60.426888;-169.165824
-98.565009;58.540091;-185.389457
-98.566207;57.054418;-180.564682
-89.755505;-198.570485;-114.369980
20.086418;132.905993;-159.780261
-158.929295;39.865440;-139.204969
-102.690257;-191.020722;1.080677
-118.482375;-32.011907;-187.534601
-54.684473;53.738891;203.006823
87.720420;69.172468;-188.756034
-107.992366;60.188712;-180.433369
-28.642121;-29.517755;-226.097055
-100.287675;121.990140;-146.530538
-22.735572;-233.586086;0.244282
96.564758;-62.192267;143.777006
-81.956471;167.807752;-110.263673
3.818150;15.706272;-225.878907
-119.192017;83.902967;187.553530
-142.172576;88.136934;-133.761524
-10.882345;-108.101124;-236.230618
-15.028393;165.000492;-139.853195
114.454096;-80.352345;124.720998
-205.331561;65.901496;-60.595520
-142.540426;69.453243;-145.852420
53.873085;-233.002310;-157.962777
-39.984342;-10.871871;188.936114
177.228343;-158.808720;-74.353150
-202.223799;8.838674;-42.700879
-62.550987;-205.904100;26.786008
145.519138;-111.371569;77.926078
136.830083;-91.715542;102.424541
9.418797;-221.914761;41.217533
159.030626;43.544017;-120.187488
-189.890572;139.765541;2.300735
146.817071;-118.495388;84.822525
-130.138035;238.088002;20.773647
99.895906;172.319368;109.125726
171.842555;-171.713443;-25.095265
-22.225187;76.147469;-198.396179
-120.578877;-191.591593;-74.646277
89.602553;-250.125255;-126.348389
167.356556;-172.948804;-68.671565
-95.243356;72.357715;-176.852369
-144.245736;77.065312;171.063815
-11.804163;227.446032;-31.324435
38.757959;59.299279;190.822968
-44.466199;-33.606645;188.784717
-155.354143;146.631009;-67.769394
54.494786;-201.631461;70.046403
-10.742037;34.243861;-217.840570
-86.206476;93.284391;-168.976161
-41.513723;158.073105;-137.837563
-141.751585;133.593511;-97.637199
-63.175471;-210.916264;-134.569406
-163.422195;-130.647080;-40.099129
-165.674257;-26.876831;114.513306
-99.796222;237.984038;94.731357
-55.915231;216.541751;154.306046
-108.829781;-103.987048;112.874090
97.778920;-63.754463;147.801365
-206.420574;0.720389;6.768818
79.565058;188.304471;101.290141
-211.123410;40.122869;70.854982
-149.974049;90.420377;170.565641
48.209752;23.846271;199.723147
-210.667604;82.469557;15.756728
19.783287;-229.621946;28.620141
-32.630628;-129.983946;136.977589
-180.184533;-60.228438;-97.360768
27.604355;234.564199;13.392673
75.763786;-38.553589;170.121311
58.445404;94.604564;173.091781
-66.737743;188.479303;-99.699200
-116.166945;74.846496;-162.790673
-67.583250;70.898342;-194.591398
-137.482632;-112.567522;78.229487
-195.084980;140.312457;68.523905
166.602073;-74.313974;65.892615
-89.970218;11.063517;-197.759512
124.602593;157.151221;-28.960634
68.659852;-91.960073;151.554882
-144.103973;-157.443660;-95.550315
-98.752039;157.351639;-119.542899
-150.570284;158.788465;-67.104480
-169.322700;-111.377333;-43.721624
-42.151459;77.311762;-195.558139
-49.344751;144.253237;-149.671615
128.502068;-39.516588;130.319832
-67.775758;74.756370;-187.135571
-0.003012;126.366610;195.139477
-78.866757;236.879076;113.134475
183.969736;-108.263500;15.607120
-92.400337;58.968741;-182.619469
56.330986;200.860381;-55.226210
-115.325789;71.362712;-159.754474
-53.226221;62.490122;-199.109102
-58.123854;26.748942;-211.025844
63.387309;100.541938;186.637065
99.196697;-160.616820;92.084217
166.757485;-183.120663;-55.676662
-23.914409;-35.506108;184.213935
-97.809789;36.806054;-186.012474
78.936160;16.717084;175.559761
29.495328;-38.797048;184.558296
37.824705;140.153100;-150.794111
-174.817988;34.906830;129.218138
-150.799777;-71.665719;-141.705175
86.338961;60.047116;-189.757828
-94.537088;64.797653;-181.825110
103.862051;-95.055652;135.126483
-27.784012;-54.567262;-222.769638
-15.493810;-241.128174;-49.854562
-52.191496;-203.560152;48.995244
-4.214345;79.272751;-197.941636
-166.687036;-17.388982;-123.629233
-58.495041;-209.573142;-135.288485
157.927695;-141.659455;40.528689
-63.042255;236.485529;140.040317
-165.138079;39.584264;-126.295376
-100.550917;11.457304;-196.783708
-11.480163;216.798421;133.435004
-153.146794;98.256372;154.372413
-92.967166;-207.805010;-59.880189
22.867900;56.075721;-212.196308
98.425869;33.893961;157.002621
-70.680217;244.144044;-16.724519
34.592844;188.208187;162.277590
-121.689120;-181.948266;-78.727009
92.975409;-237.425911;-24.391255
-2.025099;-99.818777;-231.116135
138.718397;134.472281;36.590953
-5.034288;-184.907940;98.796392
-151.944867;100.820833;171.076313
12.566789;-173.935650;-213.927553
-194.410093;-54.129556;-50.061648
-22.027111;-156.425811;115.610382
67.635929;-75.996469;161.445822
-128.567803;22.240889;-174.099346
0.266244;-10.782494;-227.514726
185.323287;-91.930669;-141.986499
-157.235212;166.160979;-63.021860
-48.824006;122.922984;-162.940320
-142.464320;124.618084;-108.186084
102.442731;-167.554035;-184.331868
-26.848031;-193.902809;83.412724
-114.090161;42.235361;180.573642
94.622349;-213.847855;-168.805640
-37.447453;249.757122;88.256811
51.553037;155.663056;-132.546359
-68.206720;101.281504;-173.159184
69.092480;-253.521272;-79.829526
-94.890932;78.683752;-166.062909
189.373973;-88.140126;-113.519664
-193.861054;-63.756017;-73.356603
17.313118;-50.612565;180.350656
50.216006;36.252599;-213.279123
18.151162;-180.108517;87.225256
64.391365;-128.394420;133.307323
144.829797;-108.970149;79.827859
126.574609;-140.552873;77.620880
191.581840;-21.824658;-101.391442
107.078609;-132.772809;98.405558
-71.529068;-71.542429;-212.078811
172.074710;-113.333554;37.866907
-107.567412;129.145625;-135.812174
-125.067391;-179.469358;-57.370659
-113.070289;224.028126;58.131381
-171.369439;42.745195;-126.437375
-23.525801;-161.988597;113.275210
-144.566749;-140.744558;-105.647113
-210.895777;62.253782;-3.279906
-43.531381;168.251895;-132.963647
-115.504252;71.704508;-161.663444
55.282703;-182.007701;80.164806
-40.681728;-242.316132;-24.346963
-120.163321;150.937145;169.505290
-205.280210;103.745276;24.656397
-96.157216;216.595762;-64.471055
-170.681091;45.960420;138.715883
-10.399296;-138.862168;-220.160053
195.482098;-78.595158;5.042949
109.859262;-215.343286;-26.875191
-72.333479;69.384521;-182.024558
-25.381645;-119.839483;143.289202
-15.601139;-129.884982;-224.391045
-98.323552;142.135163;-136.320182
174.874835;83.706844;-59.491768
140.274291;129.586270;-66.049206
-156.487040;116.946571;-101.467186
-132.678327;-163.407357;-91.564340
100.255674;-62.469205;139.971193
-203.529325;42.383958;81.892608
160.727055;114.479980;15.295404
-96.985457;62.004230;-176.146725
8.117479;-118.215974;-229.419898
-109.027890;-42.994469;-186.389656
202.620518;-51.602063;-106.586338
-122.215916;197.067207;145.760458
-13.280481;-230.081543;28.062322
36.765135;224.849513;-17.808537
-124.641992;-120.115395;-145.032530
-22.168492;-72.791788;-231.801862
131.891193;-158.248365;53.842734
-46.924904;142.040866;194.930091
-163.442294;172.495234;99.636088
-102.306608;-64.482910;-192.851589
144.039461;38.618270;-147.622375
-174.498045;179.864637;62.720411
94.241315;-65.202248;140.651551
-162.217224;-125.321114;-24.929210
85.748398;41.545281;161.781524
-143.710776;210.271736;43.199923
63.162075;126.115957;174.886800
-100.064818;153.889659;-127.630647
-36.496232;117.621372;-174.741541
-75.808030;157.919370;-137.164953
122.423010;-78.844211;124.835863
-136.722224;175.898917;144.298657
118.199022;-95.732875;120.167254
-74.650498;247.775288;19.147413
22.560863;232.214443;68.263303
8.109907;-99.668939;-241.717486
118.218120;-33.736042;141.146104
56.182023;-186.306570;-207.889444
-6.824105;-22.747539;185.397264
129.743891;64.772040;127.377448
-109.944588;96.216420;-155.899717
67.181242;-175.280949;94.117160
60.761346;-59.967572;162.365704
140.509698;-143.139068;48.526496
15.499121;-160.884133;107.098095
54.493607;152.747847;-118.982037
-119.507609;87.856221;193.196614
134.068395;-201.851296;-137.203072
-49.349216;148.190218;191.374446
-172.213102;133.416292;-71.315267
54.532992;-247.946845;-29.026577
195.657343;-93.254945;-69.053589
-111.331638;-192.725251;-97.454050
-153.080791;205.330467;46.337069
-199.590313;-21.887380;-57.124579
-97.104633;137.610441;193.554187
31.987689;216.568744;-30.387722
-35.749707;-53.884434;183.600953
31.189263;207.512498;138.265578
1.071759;-14.834971;-235.607796
193.451657;-87.110223;-113.262898
86.151513;188.394087;-65.955952
-132.156747;169.341423;-99.776528
26.442470;-66.732637;-245.243812
62.959125;-164.468434;93.248383
29.725411;139.755722;-140.574643
20.153283;84.852863;200.272568
-52.244461;171.249784;-122.259797
36.397876;-37.426325;184.326018
160.330122;-103.188528;74.313299
85.939648;-201.001105;53.284996
27.375356;-30.843133;180.295582
67.021977;161.518248;-111.130445
-178.933138;-76.193739;-105.038723
91.649860;-51.560168;154.449997
-172.623750;-13.420950;-122.927691
115.413181;14.542427;152.002057
85.157082;-33.270665;163.610412
-65.950985;184.387967;171.777386
74.234826;-63.932089;156.782487
95.189088;124.581472;139.681745
-175.579089;16.718246;128.943885
-40.927920;-89.620460;-223.907903
99.561031;-41.089301;152.089215
-42.498984;-162.413215;109.689519
31.541699;-226.433173;-177.600970
-106.452442;47.576808;-168.397763
-109.750054;4.519481;-186.253433
62.741182;-18.747457;-225.682902
98.031920;13.147835;-200.611688
12.356219;-254.669706;-98.155199
-19.399041;244.177360;-13.888017
85.198570;-39.867204;161.639937
-44.820051;132.131815;-164.487953
-121.868137;-13.734941;-185.356813
121.334672;-200.471988;-145.106348
104.197263;-76.709742;137.475421
153.329392;-91.241314;77.628335
-112.864942;-184.849261;-64.534183
-210.123136;55.009086;-36.265560
-66.015757;64.017208;-188.185802
-28.357301;-93.474868;-231.239933
3.383784;-229.821822;-155.593377
109.714591;-111.349234;-216.373600
-59.306506;201.759171;163.192439
-153.110071;82.108956;-131.128753
-125.447377;74.941626;-162.357158
-126.237135;83.549521;-163.819250
19.137688;75.125978;204.183982
69.526133;-88.377674;151.115545
100.863537;-71.284745;143.543612
-138.493520;-146.841309;34.433554
18.374458;-25.905705;-235.134642
185.260519;-117.441616;3.291820
29.349098;-236.264520;-157.965773
-116.514446;-161.640965;41.585094
-142.430066;160.009986;154.134579
-38.381128;111.393151;-177.865261
-182.694382;23.175865;-95.520819
139.758376;145.714550;6.007474
23.599295;-41.752139;179.951655
-191.726549;-48.134273;51.727275
-66.518721;1.289560;194.771195
-100.346337;-19.652236;173.729689
-64.172965;254.899717;75.546885
110.303333;-110.918443;113.179400
-11.484692;141.523313;187.608481
-142.937024;-61.094323;-153.962257
-113.904684;39.453498;-173.654543
83.545405;-228.570530;-26.851443
72.656831;68.897863;178.777853
50.723306;-166.658355;94.908402
-48.244504;-6.050825;205.814724
-168.727428;-90.231119;-90.334379
-157.322022;135.588245;-93.046633
27.432414;-153.070065;110.233999
44.709518;-121.466474;-240.752271
74.602188;-237.347915;-2.961102
-2.924920;23.145282;-221.508576
77.942689;41.776511;-212.688891
-70.042263;159.435423;188.321578
-196.881930;114.896359;-31.479590
-107.287518;66.608610;-167.114012
130.187474;-189.616749;-157.449082
-202.374330;126.030411;-0.654793
-74.592608;-60.895263;-219.299204
-9.295621;234.387791;117.041259
77.954137;3.141566;-210.060478
14.872668;12.968833;-221.677078
56.572260;12.069387;181.073038
188.059207;-54.185458;26.086396
-201.893079;123.366100;33.018360
-146.173031;46.607217;-140.819036
-43.544539;-100.455807;-227.018852
-92.859394;111.717140;-154.247400
97.127066;-101.037922;131.218364
47.737432;132.589562;-152.848277
131.857776;149.811864;-0.063564
39.988038;-95.442942;151.322861
-34.292605;-58.999755;-234.372478
-116.957613;126.325886;-133.199922
124.373756;-30.159241;136.399780
-73.990250;212.042371;144.751793
3.385212;-68.531455;-237.733047
51.310354;-235.337645;2.883101
102.313131;184.209788;12.199348
1.159575;45.051770;-211.911892
-77.678283;228.745298;133.721273
3.516277;-69.134412;182.774973
-145.678600;176.106999;-31.770862
-10.025313;254.545746;59.391966
119.311976;63.907074;147.458077
-112.666464;227.874793;111.892658
125.290810;24.617814;143.667605
45.547534;212.935550;-42.716059
121.671236;47.894307;148.636347
93.440063;-76.054803;148.648981
105.329456;-205.576312;20.123613
161.035863;-0.465180;99.965577
133.116572;-182.058577;43.245545
184.010501;-96.840394;46.702343
-160.779016;-25.617956;134.554362
87.168556;-49.633846;159.935804
128.108849;169.312595;32.788303
165.368281;-93.187013;-176.251594
131.292023;-114.025384;100.520018
14.560942;-244.662941;-144.605798
155.997906;72.262946;-108.143016
-101.961984;64.081001;-180.072278
-189.342575;-67.307339;57.812339
-200.603888;106.966542;10.630701
-65.944503;-224.411965;-81.574984
-133.082241;-173.960311;-89.608663
78.425098;-41.064353;168.578934
168.599453;-139.210511;-134.585592
-75.312574;-33.908862;-217.887149
-112.828751;136.216219;-124.886391
58.989285;225.106594;36.595601
-87.609918;-19.823579;-208.091985
-93.144851;162.168288;170.952135
65.638662;-165.530154;-208.106913
166.166595;-93.742320;54.970195
61.372304;140.991110;162.574947
-34.712669;-25.372208;196.753565
175.030345;69.801578;-53.935426
-118.412106;136.803438;-123.926383
-167.053855;154.018705;-50.290979
76.566232;134.042821;160.451022
-90.261303;88.719678;-178.920791
-130.769649;50.870585;-165.956273
-1.349526;55.142047;200.244833
92.462289;-89.267603;-225.069276
-163.921818;-93.102604;66.663002
-93.776717;-11.111640;-192.285668
198.754588;17.989527;12.378701
-3.290361;-213.958076;51.996822
-189.793507;40.362827;-109.036899
54.289088;-36.339500;176.671723
158.741783;-133.688352;-170.760251
-198.695015;67.228920;69.059161
80.437256;200.604952;45.064263
95.716984;-197.741111;-182.021864
65.382376;-202.588722;-179.906294
20.547282;-250.558909;-21.589410
-57.538111;37.031887;200.148896
69.016208;60.140785;177.129613
81.537656;179.842084;-83.940768
-3.940494;-66.624509;180.236112
87.229471;202.562226;40.202947
11.162797;-113.555367;151.672236
115.970992;59.334717;-160.850156
61.756600;3.262186;177.495749
-73.350043;65.848132;194.453875
47.515461;-10.467486;193.862600
60.028093;-155.283694;-225.300582
81.416253;-86.168596;149.721090
-21.247875;219.052725;-58.964374
-152.517933;208.779164;39.251470
-96.727166;-51.916556;-198.746197
115.810461;159.578064;-60.854531
-22.309459;110.685725;-179.858674
-103.287980;58.464583;-171.479761
-190.849360;-9.980948;68.239709
36.907170;-31.330323;-230.837489
-105.258532;44.243517;-183.569312
191.288271;-89.046477;17.625751
188.970334;36.720123;-55.315257
-182.119341;-90.523700;-84.318639
23.816078;18.067922;201.353415
151.727676;-109.084205;82.774662
-120.323885;130.398363;-121.263473
-157.665141;105.302983;-108.739942
99.016084;88.309471;157.474804
-203.412563;74.120569;60.943144
-156.633624;146.157494;141.856594
2.501622;-260.804582;-77.945002
69.766355;116.696770;171.958020
-61.850969;-200.933176;35.981745
196.426564;-129.951814;-100.738276
71.123149;-73.411356;150.946675
49.535031;-0.764281;-226.125599
-140.832827;-21.775385;151.253128
-117.699806;102.594404;-137.760994
-87.580567;48.083765;-190.637136
36.181729;-60.490131;168.845138
37.744677;234.955683;2.088498
-11.259838;-107.520132;-230.979694
131.903549;143.624008;76.719344
-122.544318;80.770700;187.880062
-178.945224;-91.896980;-59.436697
-104.404754;60.523570;-171.857330
128.023694;-163.180317;76.223624
94.031035;-74.757933;148.347517
204.707453;-60.546688;-17.070630
-102.037516;56.606314;-170.776260
154.985850;-162.590064;25.736817
59.948370;215.216774;20.559740
108.171403;-33.453038;144.214315
96.102920;-132.091901;-220.125647
172.582502;-12.598904;79.994931
-13.420190;224.528027;146.569631
103.577957;189.319969;12.389014
-121.643253;-16.599495;-166.210919
19.953448;-15.382810;183.442340
-103.822021;-115.832264;109.593266
-159.708133;177.259307;-29.742283
168.526091;-171.486573;-102.653009
118.187205;-226.068771;-109.398566
-81.113946;11.509228;-206.792994
-32.124641;-69.861499;166.846746
122.097991;-66.391319;120.199491
145.063352;-15.895255;120.341259
125.107458;35.022765;139.791887
96.336608;-63.165828;151.654197
14.070780;-186.484633;83.693107
-23.968099;139.879101;203.549838
74.610335;-5.362404;174.879777
194.343826;-134.250063;-73.169250
-23.277701;-75.605411;-229.201360
-114.218997;53.874302;-171.792142
131.921003;-36.358918;125.323298
55.579772;214.001811;-37.698312
96.249002;84.587689;155.651622
-99.792063;126.680035;-139.771942
75.848964;-7.881296;172.019371
162.347811;8.779754;108.133786
-157.842861;-78.345924;-133.425961
-186.687002;-75.867808;6.537261
-6.238144;232.523561;89.483749
127.603152;146.578885;-59.053282
155.312886;-136.312181;49.645584
165.115185;-188.622539;-80.375915
55.751092;-23.479082;-233.460758
-96.927667;56.082599;-181.820573
-96.713625;110.112495;200.471472
89.444048;111.429203;-142.987745
117.096120;-236.984373;-60.948134
155.699871;-53.817543;-186.442421
-145.778634;167.068037;136.001799
176.033707;-25.116383;82.396702
195.218681;-120.053168;-66.989522
-62.839987;-40.171592;185.231869
-127.460343;93.615321;-142.312304
121.199300;-201.038019;5.920564
-58.282504;-182.189874;69.723566
86.524149;-55.792374;152.016744
-169.288397;-61.898073;-117.604020
-38.977639;120.404239;-172.461350
54.630674;135.131502;-147.189669
-102.261148;69.246633;-173.199209
64.271291;12.688406;-213.234639
177.147948;-159.682934;-8.845735
-73.904458;112.830638;199.269321
51.789576;-74.285069;-233.092572
115.594557;-42.754070;-207.273272
147.085531;-43.873606;100.004808
-18.861824;118.307939;204.811802
202.103040;-52.396198;-14.956366
61.731233;-63.056861;157.044320
75.203763;-86.707121;145.456550
-45.049349;124.140156;-173.677941
-2.794110;-23.948008;-231.147088
203.734598;-86.688981;-43.110501
-130.765535;139.564835;-107.496140
77.706003;-241.677070;-45.604241
56.198761;177.762120;138.121226
119.124352;123.200974;126.749905
190.321045;-100.362052;17.878959
117.414420;-230.680561;-111.271203
-189.344621;-74.934813;20.132033
-162.698064;193.500489;-14.516786
-20.332612;168.371985;179.529500
-17.066835;-72.484842;-239.428892
-83.636509;242.515082;-16.575624
-75.563162;205.515023;-81.028030
37.939914;-219.696916;32.813057
-122.470285;-123.918122;100.337748
108.046825;-61.363340;-214.635458
-90.565980;117.134752;-170.118936
110.473087;38.542601;157.030223
4.682784;54.292334;-210.914205
-120.833955;170.621405;-98.461118
57.339081;141.740223;-145.964531
-194.052502;109.472840;-22.572201
176.654353;-108.062009;38.286879
74.946537;-79.276153;-223.452322
73.620976;151.166961;151.574428
-103.142227;33.331514;-187.824189
-154.764579;161.062949;-65.319822
-28.495174;93.805635;-190.990538
52.925978;221.060593;-10.065100
98.233419;-63.551595;150.603767
47.341111;-252.079670;-28.611859
-24.776998;-178.510033;-198.070595
161.266341;-185.734988;-109.469060
97.447987;-63.445816;145.513693
50.200571;-85.627762;159.297830
210.507523;-70.198683;-44.617444
127.412852;-201.424534;-156.249249
-131.232137;72.597152;-142.579698
-118.391676;56.986753;-181.492761
-191.269511;121.257340;-10.927872
144.817663;-213.431862;-111.542715
-102.345991;79.253528;-166.704046
-131.503237;-164.712864;-17.897214
-8.854642;-77.139062;-244.721453
29.049427;193.041554;-84.470407
-127.218521;231.547372;72.265927
-93.989097;-72.805070;153.513808
78.062733;-166.881278;86.982836
-47.462901;-236.419748;-43.381214
-132.440472;103.786442;-135.121554
-99.917680;69.315661;-182.144052
137.425068;72.290947;125.864700
-41.670802;241.812799;-15.668312
-49.820970;-96.159320;159.622630
-146.562993;53.172691;-152.788304
84.918422;-197.389328;63.628550
-59.050854;-232.395633;-45.086703
16.384058;-177.547206;101.597199
46.554459;-192.661441;-205.045402
-69.198624;-6.856037;-215.717648
15.886872;-252.573740;-110.040910
147.502634;-204.718444;-60.982187
98.770716;-120.070934;-217.256824
198.612154;-14.037360;-20.421710
-50.919496;-95.781106;-214.389369
-120.903959;7.835232;-177.251422
-42.488205;-86.819858;162.560148
-56.503041;-60.909113;-225.963593
-104.268110;27.847385;-188.530758
-52.591383;65.326104;-202.806692
195.096637;-127.780570;-80.356258
-78.443507;-215.819362;-109.648473
-143.467717;-157.724325;-78.849394
-39.460107;155.122620;-142.791386
50.746540;-52.195927;182.303479
23.603305;-248.593994;-106.846773
163.801595;-66.223463;76.320593
-165.839966;135.082114;138.568980
-139.345692;-167.660906;-44.727618
-104.158041;58.886693;-167.088333
-121.010875;-82.647898;127.448385
182.175272;-137.150541;-28.068879
157.427132;-30.369403;104.805278
-150.303336;-125.823287;-108.099923
96.668980;63.743708;160.923565
31.883230;-91.933971;156.082378
-157.061709;72.091059;-126.937898
-144.338712;-147.456893;-26.089809
72.297993;176.716098;-81.481803
100.308532;63.759440;154.906157
114.984874;49.139552;151.417712
-36.762644;80.338075;-190.574407
-5.388959;102.467982;-183.124623
-119.490584;174.841453;-86.587006
-39.536936;131.682329;202.809158
91.999094;-65.726223;-228.189591
37.884212;26.327444;198.215948
69.969661;155.156267;153.351597
20.895404;150.298280;-138.962130
-52.249420;120.096583;-172.024749
13.180708;-181.687736;-208.162095
113.221838;-121.306613;98.472818
-119.765390;45.694057;-179.342925
61.105201;19.298375;182.474315
105.546717;-98.072300;128.293154
43.073182;219.155071;-40.266081
-55.674631;25.115771;205.820930
103.543131;-107.705719;116.928923
-150.846956;-67.006264;-142.014338
-186.286718;162.134259;5.476367
94.690540;-11.618596;156.355332
-115.160752;32.610364;-171.074763
136.975448;82.495235;105.849843
-142.155198;3.211988;-160.342893
-13.074273;-61.415192;176.530111
65.609626;147.252545;-128.218091
31.331594;-251.713279;-128.693268
102.100797;163.720491;94.688573
113.330867;-222.457530;-8.224717
93.583679;-239.457205;-121.116590
91.521212;36.945971;167.881286
104.536177;163.854203;120.862503
110.864090;-74.392209;125.552410
-64.350643;38.743135;-203.242206
-96.082356;237.677725;21.258040
165.568118;63.197574;68.762250
80.984986;-222.772867;-160.396709
-159.087138;163.819849;135.111591
-27.304784;-113.319033;-221.716596
-121.441619;-12.731341;-183.409328
15.553826;-238.408475;-6.511097
59.611913;-54.091413;170.814292
162.841857;-44.861019;-165.603907
106.671354;-224.545104;-5.363829
154.100082;123.729757;37.917078
45.512733;48.054949;186.579362
7.506191;37.866856;-220.222011
134.528264;-111.663886;97.551102
-95.020613;58.420777;-169.566055
138.288261;-217.017306;-99.021436
146.747198;-206.612822;-110.991591
123.440044;-121.102213;71.841861
-46.177501;-138.572203;121.888719
-52.711997;118.292945;201.617876
-192.693693;-26.697448;-94.996699
94.023703;-83.871650;131.024911
-90.800303;36.365359;-193.169391
-2.255402;224.982530;-38.017622
72.606118;-170.528457;90.255473
29.161868;-74.892822;165.820636
-144.664618;-14.981599;-174.910945
-95.079887;17.786873;-206.427820
-89.501305;52.547378;-188.711161
-13.527662;185.888878;-105.939383
132.366504;-13.457141;-192.935538
-76.142268;-84.683277;-206.049566
80.456662;-162.280793;-198.424821
153.503365;107.012270;-64.772314
-170.255398;177.020279;-10.899021
59.032307;-249.866851;-139.181824
-79.915936;-33.520247;-215.599877
183.921740;25.549832;67.033386
163.747183;-15.130753;88.967514
-126.123570;229.452938;76.996925
-206.310613;73.899508;78.097721
-122.815026;36.760416;183.913921
35.434453;-252.413282;-97.215495
-215.063734;8.279577;11.663589
-93.456878;141.439507;-126.594736
7.140228;239.930682;7.225088
-148.549466;165.805231;-68.101714
-118.204714;226.937143;49.814424
125.969997;57.454454;-163.539776
21.644324;14.592429;-230.065084
-216.611350;78.365959;61.370023
129.705096;-175.975315;38.424249
183.617147;-141.337319;-83.332615
-195.300562;7.561827;-71.641918
-78.844684;-170.588298;-163.851368
27.240669;223.388930;101.382034
1.856048;-246.745011;-139.933982
-168.473974;-66.896014;67.512441
-91.484852;2.190156;-198.593719
53.158904;-100.407366;145.754924
-162.375227;46.410528;-130.093024
-104.400471;-11.832852;179.516700
-65.379440;28.357610;205.920574
-207.685851;78.351010;66.247509
-166.149508;179.881573;-36.726700
174.048347;48.043518;51.819460
135.011393;-49.347311;126.016035
-32.404459;-239.820883;-48.869534
80.384862;-221.545053;-166.893513
-89.549916;-137.246606;-184.148153
-24.085304;-105.768632;169.140716
-152.552884;142.638565;-80.451403
130.630143;-146.977697;64.895208
-94.697066;10.576105;-191.329953
-110.682270;214.543602;-56.344976
-135.910019;158.197789;-94.927517
-153.485988;151.533035;-85.951084
-141.572697;-22.393057;-161.029681
175.481180;-134.446297;11.519043
-49.885167;195.209980;170.808544
95.248867;-91.096328;138.630339
19.223782;-226.104182;-143.613014
81.035048;21.723302;176.876057
-90.366769;88.277119;-182.458847
202.162528;-53.886565;10.072546
-95.483812;74.197249;-177.278544
-1.238001;-187.973962;-201.577710
4.260582;-202.918998;-194.257064
104.448286;-67.514865;145.690091
-83.463842;208.180744;-47.524680
-103.674087;58.677878;-176.713887
176.761687;-15.194362;79.808044
135.070867;128.179258;-44.515545
97.742135;-96.518346;-212.794365
61.304135;-144.726021;113.854773
-99.497554;98.982280;-155.437644
178.862927;-9.190288;68.784870
-125.398547;201.716621;128.991302
-62.823055;85.212666;-177.483523
162.633808;-173.617990;-13.955728
96.907458;-168.208653;81.428232
-219.541011;75.664156;23.075770
22.086446;228.666582;1.411520
77.301897;-162.539439;-208.942311
14.535244;-225.600458;35.955436
-32.821744;-7.046294;-226.559082
-106.646298;147.776642;-118.772275
-132.186161;137.011454;-113.482752
116.717518;-171.739455;64.863066
160.781882;-4.961370;94.422027
-218.028515;27.120526;47.555998
151.816988;139.464768;-44.962949
61.456341;12.565240;188.581514
137.028626;-122.836260;88.006938
81.896855;110.044669;162.756117
68.158456;-228.859679;-181.038915
-199.859718;-7.856904;61.540781
175.797570;-72.037276;57.296457
196.941639;14.231013;26.575405
-209.106124;124.005079;41.976656
29.824704;-259.151430;-55.727418
-212.204747;78.783570;19.718335
92.591159;-95.920904;-223.239515
-88.968574;-183.952257;45.682431
182.795680;-158.990802;-22.350654
-173.258311;-51.766997;-115.049651
31.795265;-250.524231;-57.214926
148.274241;41.671627;124.057218
180.559875;-88.506749;-143.112575
-123.347678;-176.405021;-49.559997
108.770972;-226.371832;-33.527592
-155.021876;-64.422847;-130.690894
48.798502;72.293790;-199.090802
-52.398472;235.917488;-19.933571
158.178538;-13.333930;93.249661
-169.965390;53.041728;-101.441531
69.387879;213.315070;43.887753
137.732699;-4.699000;133.238407
-99.969885;49.777762;-185.371678
13.494597;-204.444087;64.462833
9.394399;-218.572054;-179.915881
-195.656469;128.766860;30.829470
-167.550669;50.250839;-133.320239
-101.096711;55.026723;-180.562013
-52.877920;15.032479;-212.739739
97.202876;-56.690663;144.914545
109.362012;-18.044894;146.060935
-133.911696;-171.317086;-25.409768
-108.079162;-45.473181;-199.055084
55.454581;133.488033;174.102259
88.554964;14.464134;169.445942
92.101790;-66.182078;141.828794
-69.962237;-170.866013;-173.486473
-128.113427;171.696014;155.860436
7.272582;185.410415;157.865160
-67.599117;-129.626511;-201.866503
-33.859918;-143.015254;-204.778678
40.336657;3.322610;194.109122
-118.272365;-158.363056;-119.326663
-92.641816;110.260035;-152.011371
131.663426;-82.561424;112.262081
-49.017308;209.456722;-82.272174
106.810352;50.041688;167.217270
110.359344;-104.432997;110.768931
98.583795;148.055005;125.069945
-115.397925;71.149726;-162.520747
-148.586454;47.020323;-145.061531
-11.543410;-240.274093;-135.206571
3.465328;-119.037484;140.164421
121.419413;143.877616;88.565394
46.558435;53.333768;-207.332459
30.977698;213.929105;-53.818911
-170.924429;-19.207177;-122.393643
59.554853;-227.786214;-154.777390
107.477453;-63.938695;139.278166
-138.947223;31.507910;-161.537756
-67.747650;96.690722;-172.492664
74.015016;-253.344259;-86.763798
-115.688415;116.361831;172.723528
-102.500562;-18.864434;-195.449144
18.382411;236.954826;-14.438066
-129.097987;-162.005731;-111.051060
117.130284;3.814705;154.072969
-112.192381;-12.878394;-187.726248
-41.022380;168.556170;182.353018
-207.091508;-45.224336;-6.299759
48.859991;95.468885;188.091056
-73.764876;31.675818;201.668933
-50.729526;-152.205803;-210.240000
-134.016525;-145.178575;47.625787
-174.634479;132.700686;-64.444797
180.946706;-154.821306;-81.222853
-146.314804;-153.771537;-80.124333
-70.895091;93.363482;-182.588781
46.937906;-106.042846;154.560026
-114.872017;19.228412;-177.736424
-4.072890;-221.736408;32.082537
11.879404;-68.056804;171.942440
-101.715367;102.783528;-162.974075
-161.484493;44.518315;-125.976765
147.917129;74.311765;-121.732326
152.737676;67.023504;95.766733
-121.088132;90.384197;-146.961305
81.925884;-88.371353;150.021108
-25.557855;7.909852;-227.387350
95.471576;22.731011;170.077517
196.846904;-98.236442;-52.087414
-121.814149;41.764120;-168.629394
26.359083;223.723996;-27.541931
-131.519029;41.011940;-170.065989
-119.721557;66.267456;-164.817308
-113.644900;-7.775597;-191.914305
75.533079;-49.435354;159.728643
101.072479;-35.445465;152.539767
161.677299;-169.352376;-151.326023
60.837108;14.881488;180.492689
84.717934;133.661061;163.521135
-201.884190;-43.365826;-74.118646
71.364550;-174.737945;84.512052
75.797568;59.580171;-197.182364
203.049344;0.957569;-37.191864
63.938266;-68.714445;-230.356863
108.449988;-12.809796;146.325821
-51.476271;-236.561214;-37.794556
-210.315289;77.929114;54.270250
-187.467462;-58.095574;57.136859
55.245406;-14.743640;181.601147
130.976973;30.832289;128.870581
-203.408829;102.306577;44.635873
136.569642;-183.054720;4.891022
92.902630;-246.358811;-59.672180
-203.332423;136.608945;48.256571
-141.393521;121.015632;-117.002262
96.846771;101.787886;156.110872
41.984464;136.036030;189.048206
151.084576;87.838543;81.325311
102.180251;-45.784385;150.657701
-30.072849;-193.828146;-196.985735
95.199479;-63.722672;143.966102
120.029462;20.579113;149.557736
-22.047986;-240.442088;-130.445591
-113.660108;-150.461658;62.339887
56.904403;-119.434239;138.887268
-198.227568;60.130627;-57.786683
-81.406616;-148.279723;92.069677
26.479728;-101.546057;-233.018602
-166.067295;154.957193;130.202745
-81.699684;126.477275;193.436872
-35.945915;187.472394;-114.224995
-190.358378;6.844290;108.738719
-96.322145;58.878615;-175.897523
-202.618577;19.588833;-63.362376
166.189157;-22.680864;81.706882
-171.774893;-48.303086;-120.656458
192.035984;25.070075;-62.188676
-116.616837;73.097158;-169.724650
42.925489;7.664987;192.442094
-86.212020;93.953101;-172.471807
100.247938;-171.713101;77.488799
55.570994;-33.693080;-233.024395
13.775680;-68.669499;178.337804
110.821751;-74.849411;142.734466
96.037850;-245.217392;-77.127803
-115.620585;110.707406;-144.393256
-82.609802;58.507347;-190.880869
26.964526;-74.480336;172.501803
-123.134410;55.265055;-169.831178
-109.351823;-6.841844;-181.712420
-189.835380;101.780902;104.085743
131.848318;-3.543838;126.849010
184.394142;-134.561607;-35.336142
-93.227433;189.796751;-97.242298
199.648241;-22.612018;-15.772122
157.512109;102.418743;-24.243550
170.612502;87.336652;22.643027
-155.821092;-142.060640;-62.608072
136.623707;92.947031;96.559938
134.046644;113.444281;97.777084
68.143838;-153.776621;110.192351
-163.380254;-30.745217;-140.427851
-197.261768;141.584708;-21.731495
27.055059;-253.832477;-49.201874
-123.204683;71.018953;-166.716870
-75.072715;48.408751;-196.355270
43.850901;11.610570;193.378100
-88.003906;-26.284245;-216.011448
-53.640495;-127.264065;129.171415
13.556360;148.238872;-143.394704
71.185472;49.989285;179.033269
169.154032;-174.943941;-24.644420
168.152224;-69.255477;67.901339
138.437331;-209.198461;-65.928257
-170.110836;79.987172;145.069540
138.180292;91.916165;110.049139
-51.573787;117.096110;197.669681
-126.246094;27.507176;-174.290390
104.386405;149.329820;112.292845
118.523491;30.587523;-189.540949
-175.637136;125.825313;-64.691533
-85.702621;94.065371;-175.092850
-197.038738;93.578403;101.503958
-65.129793;1.208080;194.815047
44.092748;121.338101;186.369865
154.493121;-46.163269;91.618074
118.970158;-235.299373;-107.317178
-161.731186;19.178532;-143.917078
44.332121;109.383121;-177.883464
120.562007;105.135560;140.280138
59.708709;1.453294;180.315196
-61.846642;232.642481;-45.525157
107.312809;96.649521;141.605608
-55.737520;15.532893;-208.892488
49.172767;-9.878796;-225.940897
136.216609;17.464504;144.717378
125.898949;32.836997;134.261508
-41.311138;256.103738;41.285616
-147.890919;-1.315546;-162.074631
-21.738287;-2.958210;205.657383
90.476091;-195.578922;38.686607
71.475098;-251.841527;-73.654169
-62.385358;223.835757;-57.754357
70.005304;179.145163;130.523701
-16.830034;206.959509;157.451805
-161.525467;165.917094;-33.061433
138.097109;-177.744662;7.540076
117.484456;166.149582;-22.436838
159.206271;-91.276556;67.800791
-145.132277;8.996326;-157.462154
-127.003083;-15.623919;167.005875
97.019595;-58.641242;147.272365
-175.861501;-64.948032;68.672749
-63.901987;-9.670722;189.932554
-135.384412;44.477389;165.782456
101.099749;-125.062872;115.994224
69.266305;-143.045427;109.925275
164.820543;-174.729116;-79.168470
98.785846;-97.366917;115.742552
-61.300963;-178.846858;87.242852
20.660684;-76.361813;174.397180
-53.291905;185.491061;-116.124362
181.283281;72.617936;4.534300
-76.855453;241.789436;14.813874
135.997768;-196.195461;-80.625327
11.303817;-49.196836;186.816965
132.692405;-222.735206;-47.280969
-43.901479;176.128546;-116.564332
-66.328542;159.737665;182.079553
81.531912;-240.578568;-128.578940
68.654169;3.389660;-213.598270
-36.086044;45.595991;-222.165223
-84.873244;-157.413350;88.360553
107.230827;146.641476;121.767751
-205.583580;113.981931;-1.488383
-97.768313;56.908936;-183.455660
108.772053;-72.428215;134.537573
-46.291396;-176.607119;99.801520
152.887686;-184.193251;-38.303609
172.031464;-173.804554;-49.153487
-149.609349;129.787490;143.282640
-35.713415;-231.351414;-18.658706
29.020166;-181.967253;100.488777
59.588078;111.318375;172.915214
-18.029109;-248.424601;-84.599558
173.541978;94.260564;38.949982
-120.970611;32.356729;-176.286897
29.333326;18.186126;-225.554659
-15.053693;-243.214215;-124.258844
161.119442;21.842337;89.670267
107.966543;-133.406652;-209.406174
-70.144693;-200.507526;-154.442765
161.035852;-135.227815;36.643229
-123.538250;215.618480;69.504852
186.937905;-0.813430;-127.706170
97.569560;-64.035127;143.903567
-52.328826;13.788730;-209.355160
-32.736675;-239.271881;-33.969413
-102.469608;79.158731;187.362158
66.716014;69.850411;-193.574984
-184.379579;-64.648138;38.430103
21.809565;20.389641;-223.090122
182.021886;-147.558123;-75.109539
-139.358615;-161.420130;9.962041
-139.513144;-115.902458;-131.266277
-111.568423;119.805976;-139.635719
139.991795;-135.581985;67.630883
147.436187;-140.267734;60.767437
-134.560365;44.541779;-155.392091
-15.948194;159.807905;193.096754
102.882902;-242.826625;-53.400206
-56.247207;214.665956;-79.838566
-190.118821;17.303089;-95.749385
7.710427;241.407630;8.087280
105.894340;-231.942633;-5.581447
4.530938;56.717074;-207.014395
-153.725201;176.173367;-58.128064
117.541247;-156.321604;76.600805
-120.326724;47.730121;-174.972568
-6.228523;23.701809;-220.541532
73.532455;-58.874632;157.050191
-166.407689;-45.283687;-124.802162
89.425020;149.269502;124.716229
121.841751;-79.885174;110.619327
-99.267771;-6.353612;-192.419302
150.108464;133.346298;-43.635940
-178.007273;70.845034;-102.243303
-165.686602;-110.862848;-100.239531
-116.478586;-143.664597;-154.663215
143.895762;-196.014717;-101.791617
51.050933;-130.726777;129.340062
-135.486441;151.431797;-86.374148
-10.686879;233.592821;127.203747
-204.369873;-5.761364;77.085321
-192.796074;-47.805103;38.267565
124.563693;-39.262785;141.546339
-114.539982;227.891832;7.414758
-38.447870;-6.312743;-220.274089
-84.069970;68.908905;199.940950
-101.271206;246.177254;73.348320
135.485024;98.499406;115.181565
-191.432466;135.802257;16.481976
-194.051137;-3.765726;-90.797856
-63.953504;189.019907;-86.837564
123.073282;-131.810648;85.078759
98.907080;130.300699;-118.396013
84.295227;-7.122105;168.845163
157.460711;100.985211;-79.582779
112.502098;-199.935583;-180.230557
-96.800163;29.514913;-194.885169
-144.258433;-50.474371;-167.973501
176.102411;65.823691;-67.547212
-95.259164;-174.976453;41.296497
-89.593655;2.116906;185.270237
127.189132;8.890264;122.714337
-104.861713;54.799528;-177.256431
135.874042;-146.535815;69.980919
22.406881;-7.044544;192.473799
100.387382;-41.397648;147.420713
-210.456389;32.051950;15.134904
-142.080556;-20.184021;-163.088972
150.659269;47.820502;-146.047505
75.205452;-218.565658;26.116592
-92.846428;102.471384;-160.305704
-2.405184;123.145966;-167.124147
-186.914994;85.473281;122.148475
-14.031538;-149.981143;120.664762
-109.807691;88.746232;-163.389506
-16.507841;253.305043;41.015756
-199.216498;24.101529;-58.570065
-132.097511;73.268794;-137.906877
-129.522293;35.451488;-172.077861
1.293997;-109.648102;-229.265547
-206.481595;116.256143;-11.635792
-160.078024;-136.322452;-49.431936
125.373066;-111.123664;100.602226
-149.425587;-153.300612;-2.807245
63.871251;132.836873;162.250263
105.522905;-9.368451;158.352828
-99.767732;119.005265;-151.555424
91.169190;-238.331514;-37.921091
-140.812544;-90.071743;98.466713
-65.146626;-203.194255;34.398701
125.470850;-117.826539;112.102912
29.777257;-145.844863;-220.130418
-34.687097;-31.589471;190.355062
-113.497508;29.417998;-184.994430
-134.596579;39.765940;-158.287688
100.370713;44.834651;159.564016
-84.410218;58.666384;-190.616262
-46.913040;-181.302946;-182.227971
47.689510;143.451744;-139.289233
-200.417413;-52.592887;3.228027
-77.843921;-73.937270;163.938154
-57.013606;229.678026;106.609712
174.456674;-149.086290;15.199343
90.215522;192.428657;58.884325
91.614169;-26.172594;165.297584
99.854605;196.704486;-17.893520
-130.443859;217.810318;48.429452
-216.731027;69.962609;14.487696
-36.588013;250.480184;58.280687
-28.726383;127.933477;197.315199
62.352568;168.465996;-111.021470
-54.419057;91.001090;-179.541271
152.299828;-120.588272;61.048100
135.721636;-205.875569;-41.013952
-38.583778;67.500766;-195.885525
-110.316754;96.290548;-149.313996
108.753712;-97.119662;122.536359
34.578458;165.852921;-119.415585
-99.622183;-181.452824;-135.408371
-107.589631;216.602892;-57.043748
57.708552;-71.762057;168.795983
14.626362;-141.427725;-225.201062
-138.670820;125.678358;-121.532457
25.967723;218.604919;119.547222
64.160216;-215.184625;40.850912
-214.042161;22.281539;26.383701
40.499925;40.117858;197.147612
117.961205;123.945216;-107.506014
-63.603442;-223.500434;-25.202931
171.744247;-122.033007;-139.215472
-20.223744;-0.109259;199.784804
186.066918;-139.380838;-43.601961
166.727796;-148.979634;-2.131532
-215.168593;2.639748;31.472291
111.857152;-146.793330;-212.333441
-53.353860;28.320702;-212.769747
92.520346;15.468205;162.320596
-109.250357;-139.681455;77.406317
-104.065143;-161.236678;-153.698460
191.118851;-3.647014;33.286890
65.502070;-128.009686;126.072660
-172.886650;138.958604;107.962991
82.223103;117.582360;-162.242369
-148.337527;-129.948003;23.842706
-42.815679;176.264715;-128.737355
-12.136997;-241.700624;-115.258688
112.051039;-83.849040;126.401494
-181.949668;39.373344;-99.740092
-196.365874;116.493317;29.647415
-143.261739;-60.525618;-153.209187
-92.184863;191.481163;160.849093
1.750174;141.335875;-156.512741
-81.092200;240.339456;22.030413
-96.646490;77.424421;-183.383815
138.285167;8.155340;130.258302
-130.205289;-139.671133;-157.324217
-89.132878;-7.990436;-199.817741
-112.722480;-178.257166;-106.503715
-49.271809;-224.057118;-94.134271
162.456719;80.658817;-60.091412
172.721405;84.137665;-48.133044
116.598408;-176.725513;56.031082
-149.012870;1.561460;-165.785881
-106.157341;65.518866;-168.059049
16.485689;-188.010199;91.717626
149.257098;-64.081464;-177.744343
-5.206630;102.793242;-187.623158
-114.218997;-60.538527;-188.589574
94.799463;184.531909;-33.422829
101.126163;-231.262880;-17.750549
-139.257450;-148.538635;42.225804
-120.504076;-176.412704;-83.065504
118.337816;91.271265;137.098184
-5.768373;70.678212;-203.342304
-102.537654;-183.353553;-130.886433
14.735518;137.756617;181.722073
-14.149694;7.628105;-223.883814
117.395044;43.208832;150.052432
107.969858;65.392519;138.154197
184.876444;-116.629937;-109.434132
-161.282635;60.142803;152.194947
27.473494;-174.685712;-214.017806
-110.651857;165.774551;-104.998181
87.454099;166.150964;121.253766
-200.620886;12.006715;95.882619
-117.213188;205.859763;-41.765175
144.408030;-70.727363;95.040199
81.445089;-151.910378;-216.255675
-49.023570;61.758900;211.846513
-202.499720;80.804248;2.007033
-76.061604;217.962575;132.720614
14.588562;-262.824925;-84.475599
-30.218322;78.203244;-191.785676
-196.977419;0.763643;6.378468
-143.808587;122.850979;-115.380488
-113.241061;-178.612321;28.475494
187.800867;5.077911;-115.476016
56.396309;-43.089180;-233.277367
-23.753648;251.735277;40.076427
36.247097;-4.207782;-224.944324
-25.959591;186.050180;-111.726923
-8.537713;242.272738;83.787490
-99.043090;3.690154;-197.369405
206.036230;-54.121031;-62.099941
-75.846650;50.882626;-194.393382
-34.196242;251.823313;-19.189343
-17.310008;8.529242;-220.533389
127.913197;135.921938;77.035015
-101.544048;179.153517;174.904059
-174.459128;154.771881;-48.863732
151.712222;-183.747535;-105.225795
-16.540481;-248.452196;-112.784379
-29.425532;-19.842481;196.783385
94.943749;-101.179807;133.305945
-157.093619;56.286800;-137.876889
-133.025388;89.894267;-138.594258
102.009628;-165.915656;77.262666
48.357629;-92.376502;158.279743
116.061980;-71.716384;128.040862
-103.159575;83.871307;187.508437
-13.598629;-14.622260;-240.382406
128.814745;115.820356;103.214494
132.151080;56.174947;124.673177
-103.587159;54.170075;-173.133046
-13.734521;-14.806085;-230.966137
106.245047;-136.108457;-208.158613
123.905621;73.598696;-152.871798
22.975927;-48.384480;-231.960269
-160.685404;148.314122;-74.161099
136.951089;-203.338197;-128.948231
150.285397;-190.454227;-46.920373
76.060078;-75.420679;154.957301
46.482465;-184.882648;81.182863
150.181377;141.026390;-6.003311
-54.906533;200.293111;-102.356934
206.750201;-93.529496;-45.191742
102.754539;-5.424302;-208.271096
197.935317;-15.443593;-84.584275
24.273805;156.345724;174.743613
-25.351186;176.060410;185.179554
-96.621162;174.426083;-98.298828
-77.448972;36.644898;-202.413442
-52.840028;92.117152;-184.676046
183.543183;7.407987;43.389540
57.735398;96.884774;-177.224629
23.948295;-191.142171;-199.692465
-123.278605;119.222186;-132.259175
122.582685;-151.495932;-199.829008
-16.992936;-42.913584;186.883166
-9.666941;-190.293425;73.772770
-8.987806;47.390127;-207.969112
5.091628;-43.939355;185.212570
71.185693;-147.074506;-219.457983
187.486765;-101.178266;-104.611954
49.001975;-13.574964;190.709235
101.417440;81.165855;-161.089797
106.938130;-146.460976;-204.148538
116.940480;-85.214615;126.237819
-114.890157;-22.697964;-182.195052
156.001420;-188.038362;-39.432677
150.407822;-50.452734;-177.133475
-6.804797;8.939025;-230.848044
68.376565;185.591358;-71.418508
61.420149;-254.974119;-59.701976
-159.160902;-131.016557;-31.765580
171.101268;-137.015750;24.987735
-49.473429;96.641362;206.395772
93.431900;-156.799867;90.514140
165.129051;-125.503078;31.812637
-43.132468;-219.568862;11.922541
96.919991;-64.447640;145.991215
192.165799;18.825455;-69.835749
72.641205;-56.424225;165.909838
97.151098;-19.889422;163.744572
75.437605;-78.437211;150.840359
-57.864072;-126.499832;-213.929516
-158.488008;-73.348578;-127.926613
-194.809754;59.042247;-75.929646
-5.201586;-183.560557;-213.089819
112.717663;127.207304;118.934272
-14.560070;-255.820267;-109.643889
111.603768;-177.208350;65.581097
196.580340;-65.414434;5.018675
141.595264;-199.823425;-20.927742
23.556399;-57.450438;170.723983
80.216359;-62.299021;158.835536
173.308784;-31.733488;-155.703084
-192.521166;47.173206;-79.177000
-123.727172;150.560091;173.108292
-168.085537;184.531843;88.880835
-151.314792;144.656625;-90.380311
-137.059150;107.721621;-126.058583
-205.814818;56.685641;77.100493
-77.564201;-2.212824;194.110989
21.748258;-225.972100;43.005254
116.785480;123.037235;-105.095201
-22.545820;183.152445;169.462222
-6.588357;-236.106118;1.005718
119.492297;162.839480;38.755962
117.849762;-58.798032;135.061913
45.202156;-80.032007;160.379240
102.510584;-70.083216;149.460756
115.255866;-206.512684;25.833800
-140.250787;199.412795;-45.394131
-185.926315;92.311853;-67.049669
177.585724;-145.345610;-105.661820
-96.011599;-201.362767;-23.121953
-88.636324;69.503240;197.501270
-3.092391;-258.729216;-69.871141
-179.342609;156.417929;7.493478
121.514527;97.666199;-132.598623
150.309886;-207.953661;-106.346315
83.467158;-128.232896;126.616364
-147.206794;35.378475;-155.478687
122.892959;176.900086;-10.178306
-96.112915;82.625897;198.834246
48.205961;177.679459;151.884743
-168.364130;9.583206;-132.045373
-85.725558;66.566942;197.041900
-96.546737;50.278552;-182.921825
-122.968056;191.616906;149.570372
58.717219;-251.119919;-36.586064
-99.943061;35.900170;194.796400
-57.900004;245.595669;101.076716
-201.818233;3.271841;-74.332848
-102.196361;163.305376;201.738238
-164.280380;136.590937;135.101422
180.954720;48.358477;-83.175078
36.585894;219.622439;-47.081185
-62.134111;214.969971;-67.988314
-43.120048;181.046234;-115.279267
144.807051;-199.208260;-132.326911
-45.105485;-141.153983;132.530320
1.096635;-147.637708;134.952417
-47.139869;12.462219;-215.685660
-114.966169;13.477023;-182.844235
51.316349;75.400472;189.320133
139.809309;-190.226093;-0.655724
169.865022;78.297644;-80.452374
-140.546610;-36.123633;-165.746380
-192.887812;72.189088;-59.098167
-147.411223;46.064409;-139.768556
-97.095928;41.267414;-185.618497
11.601466;-77.635189;-234.493193
-171.516125;181.593167;13.093597
20.254084;247.445869;51.361815
-95.839857;45.265920;-184.629976
15.936222;7.680748;196.563858
-194.652709;105.664713;-40.839966
-103.607323;60.698896;-174.746950
155.021558;36.305992;117.001129
30.055865;-130.373332;143.144279
-188.119075;141.378134;-5.068570
83.397917;-116.145596;122.500455
64.801457;-92.285788;144.209126
-164.763676;76.534594;-121.618484
-165.821991;186.484577;9.778412
129.307752;102.510761;-112.089524
157.540912;-70.836869;98.032235
10.203706;119.450844;190.146304
2.007338;40.858271;206.724844
146.654717;-14.393449;116.808501
-67.653642;91.520902;-172.351200
18.747181;157.046790;178.214661
-109.714650;-129.740797;-154.278461
132.314063;-10.192659;127.911454
-167.753710;-22.908422;-131.321442
-139.727682;170.140482;-70.992159
57.524338;108.822255;177.210222
-143.188739;24.627975;-153.208775
192.759344;-86.155500;-100.812365
176.918478;7.528096;-118.124426
172.982328;-102.303154;-132.251898
-6.353118;-49.788402;182.733985
-126.378541;18.691791;-167.127766
-110.716518;48.142254;-172.686236
-107.139654;60.545449;-177.240748
-28.548273;214.688041;161.520214
-148.202430;65.933625;-140.932305
129.026312;-40.490615;127.416368
97.258537;-65.750474;139.195416
-117.772687;51.351509;-174.892285
85.817737;-166.108689;-206.867171
25.924381;-97.223504;155.389508
-56.399850;231.902464;-12.828030
35.604561;187.541689;147.927380
-164.473843;189.767178;-2.236139
-106.025853;224.495544;120.878447
85.773886;-81.491487;139.945192
-136.089498;146.669996;-110.945599
199.887957;5.103234;-51.962692
75.406288;-80.145802;151.765308
93.493609;-4.663633;159.121747
-6.037633;47.880100;206.578998
42.328686;-80.473033;165.302234
-177.871062;151.661741;-24.091881
134.978737;-200.868338;-140.162578
-155.174502;136.244905;-89.950903
-95.899647;-3.747153;193.063917
11.387194;-116.872287;141.999622
155.742021;-10.570563;103.003964
-130.164264;18.373244;174.151485
6.975511;-192.821923;78.268459
27.352997;-131.533810;-227.741105
0.184749;241.129821;-27.969996
-20.428699;-52.085289;182.002083
110.914693;-157.523718;81.962450
26.339610;-20.009724;-229.171129
139.152633;-69.132882;-183.039473
-76.843731;-82.211920;160.707341
-126.515041;20.239949;-169.803781
179.261292;-151.901529;-17.572387
-141.442440;50.381821;-158.544908
-171.666100;155.639137;-49.840440
-123.734925;-18.279070;-180.446818
157.306380;61.277940;89.631108
146.804554;65.791284;-140.925227
-3.473685;9.557699;200.775743
-128.353720;232.866798;30.080618
-151.224609;-98.017506;-133.087749
-29.200673;-10.799703;193.750518
-158.976144;202.786732;12.531036
-192.106769;-49.714284;29.145849
122.119275;102.463162;-126.041958
155.270823;-53.335020;95.427998
-93.210831;59.849083;-184.878277
-130.414615;218.494394;121.860742
70.516391;-38.118882;163.384933
131.769993;-7.623955;126.058021
52.112730;-43.645717;179.576341
-103.518054;59.222913;-173.153706
-1.387136;-16.865322;194.693094
14.288195;217.534858;-64.890987
121.103735;8.411803;143.872421
-10.560431;181.558127;171.716221
43.427843;82.458756;191.772063
-180.650493;187.150241;27.922249
17.244841;74.490243;208.252270
66.114349;-74.945392;161.565025
-75.590092;-173.632117;64.027649
-10.884402;-246.608580;-29.367171
49.434049;232.297259;60.236569
-72.989839;-22.906331;179.167278
-33.309656;223.657437;131.892833
-19.804827;-245.485510;0.775827
66.405060;-138.097692;119.327192
171.971424;-91.860118;58.241576
-30.429058;179.489697;-131.079806
28.872788;91.125101;-185.404554
-132.452324;230.218258;48.389945
59.847369;-66.520418;-239.729864
165.444191;-166.901598;8.823863
-77.885085;218.147925;146.115194
-178.762145;-32.412432;94.239597
-115.626190;54.287706;181.640117
62.013342;-68.285552;164.341857
-44.113755;206.987316;-79.527175
-70.392751;24.475359;-207.315498
93.889613;186.012738;-33.354681
-178.989462;160.738441;-34.876456
64.325821;95.532380;166.926968
-89.755815;-204.494603;-118.252677
-170.848101;56.125246;-117.087434
132.441094;-128.392524;-178.932269
58.034169;93.782550;181.857612
104.153360;-57.471851;138.795287
86.698187;-80.147011;138.849591
133.782230;145.140530;45.454879
-33.253240;97.230273;-186.787776
13.668107;-102.990852;-239.549437
160.488026;-82.086089;-173.230888
-206.010101;-8.782314;11.715426
-159.895963;44.874531;152.289001
-61.339539;-109.523804;-216.881354
-140.181107;-10.251246;-168.879256
-208.444769;60.409796;-28.343868
164.153977;90.988809;47.949174
162.425830;0.354427;91.059895
-100.030890;-77.118246;-197.483420
109.653300;71.899548;-172.154922
47.122198;206.013491;123.574435
-71.978571;13.782871;-206.906195
-73.096470;-114.739617;131.170286
-177.641381;57.061362;120.067975
123.123690;-86.353208;107.729605
-133.839730;166.167441;-86.080096
72.039169;-16.508229;171.624705
176.126858;18.214428;-105.433179
100.900718;181.250142;-69.406292
60.525358;37.570457;192.760720
145.864590;-18.235537;118.704370
81.305751;-146.502290;119.152455
-208.199324;19.070756;-2.790994
110.195647;39.020087;-182.455836
144.094626;-185.268173;11.814326
-53.080311;-228.054118;-84.708580
-162.465569;109.349616;-93.558335
-144.521251;-131.848304;61.530798
24.036087;-229.795983;-181.591860
-46.688199;-25.107970;-217.273899
103.935603;-85.824715;133.348624
29.387144;10.774199;194.328753
-29.313686;252.074928;97.616275
138.316529;4.061084;128.929423
-58.506323;-3.576013;-223.539281
59.426740;-118.365425;-228.903738
-170.829997;-120.700212;21.628750
125.450498;-46.578488;132.125872
-1.763234;42.503744;-214.327311
-121.062267;29.350612;-172.839434
174.036618;9.854442;42.735477
-34.391133;-179.089502;88.444405
59.469787;211.210043;74.658337
-118.122064;56.174531;-165.606250
115.193654;169.888621;25.431698
100.138195;-56.602427;151.363251
17.144279;-173.302823;-217.719977
-136.265891;-123.774457;-129.610561
-182.822495;-98.998678;-20.114671
200.399624;-43.958282;-75.887637
122.506355;158.792546;-32.626409
-22.386121;184.255316;-117.147571
121.430606;92.278378;124.382688
-94.349373;83.742846;-167.300313
99.864618;13.826161;-210.833919
-188.356798;28.552858;108.344561
181.223518;-110.725201;-152.420448
56.708420;-67.455969;159.413465
87.639946;-81.196793;137.607571
-136.933296;-167.929520;-4.389763
1.182138;-247.909727;-29.823301
45.158229;-69.262211;170.959968
-85.481283;179.516146;-117.428166
-100.640341;54.594535;198.702694
17.684571;-255.041202;-28.863795
-60.323970;59.981006;-198.092699
-9.032315;-176.699052;-212.465269
148.144061;-113.625643;72.215780
78.899277;-118.790617;130.224353
97.187932;-64.240661;148.740410
33.637821;236.069817;91.256689
55.053996;-69.143982;165.647879
-127.802504;-31.913137;-178.974182
-44.467988;187.298910;166.959479
149.130503;-159.035600;13.096051
-75.191046;236.992871;-21.208645
134.827006;-74.338816;111.648725
126.688418;-101.067459;-206.078764
84.795493;190.528130;73.123601
2.360423;56.087241;-207.203129
-198.720012;-60.680966;19.614432
49.656577;-194.628385;-190.708883
101.554254;93.228892;146.158840
121.410367;-45.225258;137.479428
87.692800;-56.500039;-217.070354
-162.917640;184.327780;81.243241
207.762657;-54.406357;-29.518563
203.902661;-68.056177;-22.986478
90.719639;19.391745;172.143240
27.427861;11.719671;-225.044521
41.289876;-207.867860;-179.808400
-133.943116;18.925993;-166.417882
94.986936;-230.712960;-137.988153
77.405600;-137.108486;119.632316
-140.834100;-155.007476;-33.130401
-25.517580;187.812578;-107.019956
14.801658;-164.644539;116.553018
126.133712;101.525633;128.814613
-153.822237;-148.491881;-91.516708
9.831999;129.136982;-169.525849
87.554206;-61.729765;148.336064
164.395834;100.141136;46.255520
-23.878726;33.247069;-212.742287
-203.737693;-48.687037;-39.613892
-178.127427;-86.038144;-86.120396
76.530567;139.141676;156.497934
-40.404144;67.073685;214.487761
-66.411247;25.731029;-207.056415
58.322860;-10.119823;-226.905514
143.787088;0.867403;-173.921303
-78.028963;103.749220;-166.608299
105.032747;63.605383;170.608698
115.402984;72.186925;139.271395
159.765561;-150.791762;21.190477
142.802421;153.365533;-0.337038
-164.273897;181.757593;-13.138758
-82.980360;-94.482999;-211.144498
-118.533159;193.533166;-67.477128
-103.291494;24.507748;-185.284069
88.396168;-34.010628;-219.788333
-14.642091;-237.896546;-119.718884
28.846893;-53.054396;-238.123613
185.520120;-141.924830;-62.961474
187.768533;49.796125;32.479284
162.438460;-177.656006;-124.383192
132.958228;-86.928902;112.316499
-85.371470;211.212863;-50.813477
-107.284800;11.946102;-180.972437
-112.036346;-165.456154;41.221974
107.511861;-61.154863;138.014992
-170.144919;93.427171;-96.195406
-94.102105;231.044698;12.331521
43.389247;-262.835535;-84.550208
-92.987988;59.049769;-183.478970
121.968660;-33.012392;136.376917
136.958791;69.821696;-147.915587
83.200576;68.057996;-186.693100
-130.368538;8.323596;-174.179759
178.139694;-5.802127;80.652888
104.688392;168.582706;-74.262991
-127.973151;209.129446;111.367457
133.828149;137.808591;-51.508540
-63.059573;90.318401;-179.566904
17.906822;-119.622536;-230.214714
-164.709749;-133.591588;-22.073762
195.714317;-127.189569;-93.084951
6.145315;-117.370506;-228.699805
-123.496624;-163.016296;4.295198
-205.797613;81.068767;70.166639
126.981387;-117.707011;97.536622
-111.269683;182.689551;163.726996
-113.450164;23.835054;-182.228264
-41.840755;-191.018315;-178.834114
86.714920;83.555078;164.012795
-97.010126;155.251085;-125.308604
-52.259361;-23.829116;-221.871282
-107.990604;-3.802990;-196.355315
42.710493;123.462522;178.543707
106.166293;7.116230;153.109326
-183.496465;165.266810;14.527998
-102.590659;81.034702;-167.564963
-41.177913;-217.471503;26.232155
-212.888784;63.327112;32.249882
-105.551444;-55.276927;-192.460941
-114.138386;54.909758;-173.088633
-115.451735;24.144882;-181.134983
142.986914;93.402897;99.106323
-66.121874;224.104490;-44.015676
-136.916992;68.123477;184.755898
-0.831869;38.134073;201.822733
118.152342;92.965793;-134.774277
-173.957616;180.914982;22.036078
-142.781756;-46.637246;-157.958606
-27.444952;250.578927;21.268937
-188.620087;46.844100;-77.456150
-80.392546;35.812062;-199.825343
91.114296;-124.668046;116.417046
-147.227556;-135.256910;51.376460
-120.613548;-178.704691;-1.378697
-94.708261;238.273921;62.349622
117.354320;-239.519360;-92.484623
174.042456;-131.596585;16.486473
-88.539703;-119.758551;-184.009750
-53.716914;58.018952;-194.765132
-99.227692;243.191590;93.678909
-77.577877;130.292846;-150.674763
-201.385013;104.552919;82.967457
-117.723529;14.982773;-178.328771
-29.903572;67.151013;-202.269415
-105.389793;-82.430825;148.288768
76.241268;113.007245;150.869643
86.033829;-153.159455;105.134949
120.535958;162.123768;-42.466268
165.169841;-66.891264;72.728440
172.186080;-103.960938;-151.666247
-210.961300;104.052050;-1.206885
98.806391;-116.110502;-227.517982
85.197859;-89.141633;144.424952
-57.877642;-104.773943;-215.373249
85.654085;-249.360702;-40.059557
127.430785;-205.547107;12.326877
91.962045;-16.642801;-216.927175
-180.591549;-83.687353;-70.680438
72.018883;-198.219690;54.890229
181.443332;8.198698;-117.732407
93.064091;-235.093476;-93.814771
-87.870500;66.452955;197.567623
-204.040380;81.755887;48.751666
118.343342;-186.139810;-157.609140
11.405457;28.113677;-221.341233
100.218817;-44.793760;155.372948
154.113254;120.121148;-53.066691
-127.977913;130.074378;-119.104162
-44.177121;-221.756942;15.388649
29.475162;35.471438;195.506822
-101.738173;82.315369;-173.666514
-34.784310;-233.600988;-3.976107
-176.149402;172.609144;4.943968
9.235124;46.239478;-215.557329
170.555023;-184.873294;-74.441525
-213.525556;42.306878;-23.207467
72.627508;204.793067;63.406535
48.907753;96.369901;190.986765
130.311616;-51.390502;111.148075
155.853784;-75.927055;-164.963368
65.557374;206.071182;87.160994
191.031433;42.426567;-55.110200
-186.842510;132.329895;-42.904781
4.430429;-152.724621;129.484766
2.371661;-120.449286;143.826793
-13.188425;45.074715;205.491166
62.636844;184.839795;113.958968
72.306067;-62.999312;163.439619
-73.326441;-100.446607;143.219565
49.527483;-210.710912;51.622530
-54.000154;133.681809;-167.369524
44.108129;-203.901283;64.243577
1.685406;229.156376;-44.753787
121.262041;154.487553;71.227228
115.745982;-47.001815;140.909415
-4.908981;-100.009962;-226.712310
-123.667850;-119.967976;80.323642
102.725430;-169.958374;74.128753
76.648495;208.642138;78.469870
36.862980;99.186531;198.735846
152.695702;-179.246368;-139.267915
-8.686856;145.094338;184.473903
-15.793579;132.839868;188.972759
86.575019;53.525086;166.287048
56.044668;107.157546;-171.933432
135.478003;-207.963919;-116.207684
-135.493918;87.614517;-144.123942
141.137872;-205.062935;-49.263004
-38.483581;52.690975;-211.707964
148.661767;51.612856;99.326201
-208.015904;66.610024;-19.702062
80.528195;-160.708639;95.958017
41.949513;73.813165;-190.260869
-102.507673;240.288300;42.116769
148.103772;48.361186;107.656634
-115.916676;-58.461720;-187.554323
-18.714140;61.829490;-205.266603
146.079269;-172.746700;28.900447
-31.624690;62.626375;203.025653
71.592703;-48.331829;160.220125
-36.569614;186.935297;-109.910224
56.081643;35.672426;182.457858
163.878331;105.212455;28.119734
-124.136783;61.963751;-168.386476
152.421701;-158.819759;18.986826
-83.503820;-39.686608;-212.506684
-120.270486;29.637578;-171.351359
32.189033;-213.964508;-183.494500
-104.860186;-195.909293;-19.098399
170.096568;74.686209;53.582661
81.139955;137.270250;150.321468
-81.317042;-192.697792;-145.825894
77.807259;-67.167083;156.348994
124.681262;25.149429;164.784126
-114.051359;-3.437420;-188.455262
-172.731160;188.437136;65.091012
-36.858491;-233.393637;-126.941209
-99.671518;132.410949;-140.682419
-108.802927;67.283459;-168.165099
-125.906050;69.816692;-156.110889
-74.772795;-180.097086;-172.239193
98.270394;-84.863855;145.953673
-82.219407;96.012011;-173.790589
-94.003065;-12.549719;-205.313080
150.782938;86.459179;102.470167
63.047001;-99.911101;145.080751
122.060214;-32.821979;143.559677
-141.113062;179.923844;125.999984
164.246675;37.865178;-124.904678
-174.792746;26.285135;-120.013800
105.930688;159.754019;-85.683283
161.091514;-172.423889;-1.317084
-69.876253;-199.000836;-150.466027
-36.923857;129.386909;-166.668643
157.506975;-82.215406;77.693411
-148.061565;189.618434;113.266397
44.055443;-43.538719;-234.806016
-159.270442;205.722717;26.664203
102.027462;-64.123371;138.663163
4.261378;-227.239906;34.755117
-46.578268;-146.052146;-202.463477
168.515957;96.700696;-54.104967
99.231902;-85.823311;132.359179
86.635662;-74.782874;-228.198644
-83.835586;149.690331;-136.191631
143.760735;8.202565;120.871514
199.010018;-105.887100;-41.106818
-49.789638;-118.785727;142.404399
147.880106;-115.685156;-193.851289
-201.167492;0.080228;-58.290573
-74.300044;-131.235784;-194.624210
-127.713971;205.859158;113.503208
10.192937;179.745964;172.346725
-9.711010;210.055690;-76.651973
-116.991919;61.062669;-180.581473
-99.369628;177.472442;170.578557
-43.596817;66.817717;-201.673701
77.467492;209.852731;36.223905
-152.981340;-39.719212;-151.265258
-141.755116;66.738929;-140.444203
175.579613;-84.649257;53.398958
-200.593322;93.410607;-27.779561
154.396241;131.666722;-21.185991
-120.949821;142.426274;-121.499366
-111.954679;64.837819;-175.954220
-188.945095;136.352694;79.843343
-112.369739;-36.255191;-198.027797
-191.783313;123.784270;-2.187999
-102.523727;148.839758;-119.736554
46.365363;112.714800;-172.810347
-37.872427;16.156914;-220.000834
191.251898;-27.311542;-102.793334
-127.773990;175.177025;153.188872
3.953047;-70.250113;179.728533
-134.291239;69.403364;168.064308
142.376677;10.378064;133.473152
26.921996;-155.808511;-218.571811
7.221196;-65.974244;178.485964
-9.338628;-236.767016;-150.289962
-94.308676;-58.467977;-197.648708
171.529517;79.080672;-14.235181
53.827659;-256.598706;-17.821031
-36.537992;-168.164132;103.085925
-163.538866;64.275658;143.226830
-187.517975;72.148114;114.532625
178.634911;-106.461328;40.659867
-187.949910;96.167598;104.144424
46.477568;-8.995524;-226.768745
203.035455;-91.281360;-20.199003
123.465495;-179.826531;29.119619
-112.677471;146.624097;-133.867908
112.816442;-74.919775;-212.214820
206.254022;-31.169019;-35.075274
-25.101860;35.002335;-221.228482
-53.385532;-11.020389;-221.317717
150.523898;37.190706;101.519712
26.313706;-48.240996;-232.842500
1.813395;-245.894028;-117.481279
165.413400;-82.352714;74.215728
52.278837;68.130067;189.264177
78.674899;-174.065267;91.291437
-199.912258;37.284258;98.866387
-84.669087;53.737677;-195.896801
3.480772;-208.504132;54.974784
-76.500056;70.323930;-188.512484
-111.289467;236.902502;47.227543
60.057157;-253.757864;-24.574199
-111.642921;-92.106941;-169.881589
118.279115;-171.757922;-188.822356
-157.985432;-36.672312;116.695050
-37.104076;94.202001;-185.484454
-161.096581;65.838432;151.106340
-73.458937;-227.221616;-43.410733
-216.676276;27.944455;-14.506797
57.309750;85.700251;192.796026
-110.946190;-101.778818;130.774474
-196.915312;141.135584;3.554866
-196.029189;76.281373;113.175950
-67.141526;-218.982803;-4.487725
-36.066910;29.678911;204.519959
-132.452730;-78.307766;-163.557843
-80.201491;188.930873;-95.582898
-39.060960;241.473025;107.943966
72.389058;-15.934586;176.490003
-203.878484;91.254876;70.683405
50.259609;159.860651;158.923981
96.079804;-61.852897;154.623282
101.249275;-58.730718;133.594455
-33.285554;144.812447;-147.961827
64.743440;-191.509886;76.783320
-127.854743;156.484986;-96.753642
-91.465392;190.776568;163.030214
-25.452419;-130.110286;-220.120269
24.172960;207.464326;-59.245195
-91.786413;184.162625;-105.806224
73.466175;144.138306;151.629159
70.622948;-258.979169;-94.287736
-100.572240;56.261675;-180.056908
-110.373635;74.454733;-171.438018
176.675764;-2.462382;-101.996030
134.333524;42.367676;-157.455924
37.332490;-148.039702;-226.594198
22.371305;167.567245;-139.748577
179.668024;-57.280577;-123.895370
96.555829;-55.471372;149.748179
-103.699072;51.155230;-170.742795
2.415504;89.293618;-189.226224
80.413099;80.161951;-172.978735
-86.868156;-182.722525;-143.018441
-151.336868;90.587806;-138.802101
-105.130702;202.462488;-57.412704
-178.292399;-18.262296;-114.054573
-122.085379;-81.145885;-171.273597
42.067218;-214.190384;-176.453215
190.449740;58.995691;15.116946
163.600278;-75.853312;63.203881
-99.605349;185.542316;164.600099
66.931990;-35.983114;178.615929
106.527746;172.408005;-24.175910
-177.603627;-83.367210;-100.251250
-98.716227;190.981834;-78.478576
142.550449;-17.493882;107.571303
74.090139;-71.019301;163.823292
31.371123;116.636954;188.538632
34.131734;-259.918140;-105.971868
-17.074856;245.585066;27.030943
-118.725780;-94.263750;-180.051834
159.060197;31.905201;85.466247
32.747458;-255.814559;-56.773564
-50.874692;108.516058;-174.460123
-194.538609;62.275311;-60.229362
37.166202;-227.899390;21.128769
-15.176296;108.517227;208.277027
-67.407312;242.531365;-12.344590
-137.386059;-12.450976;156.626332
55.308015;-21.196146;-233.970204
185.181081;-105.088337;8.710128
172.669253;-44.944172;-158.940240
103.855433;-54.188237;141.524298
-131.623749;82.613487;-149.517385
-98.761832;202.988123;-72.607649
-195.172901;49.767256;-81.805589
-39.246304;162.391739;-136.795139
161.847794;72.579739;63.647015
-29.720753;-79.592067;-231.530945
-112.980028;-179.424567;8.338301
-187.153603;-37.188886;-88.871719
-136.983931;80.473797;-141.034860
139.067686;-157.416290;35.742383
29.466113;-44.472488;-238.309907
38.871191;-97.683808;-235.224077
85.515339;-75.742404;151.699333
-167.784872;-1.834930;-125.741622
-214.976802;84.931088;-9.570354
92.876137;-73.622348;137.287206
-126.597062;64.959987;-168.313156
178.172796;35.486459;-105.159780
161.730958;-89.629514;74.098228
-53.682920;93.173934;-181.007103
-56.627442;232.722340;128.536900
-179.652854;-16.451389;-95.752328
108.612197;-96.937481;-216.103476
83.452086;-5.162061;176.273244
-195.143876;-56.303078;1.069432
47.169984;145.672080;-145.297160
-32.278032;122.578955;-174.956035
-191.545607;145.815953;87.658607
-53.164736;-130.067779;-214.229243
30.148998;18.691915;203.568202
-194.192937;-9.019971;-66.803074
11.393379;243.272558;62.116539
96.783887;-41.675102;151.424375
122.831302;-48.697887;133.071371
-43.750429;-152.234965;109.389694
200.309208;-44.355612;-98.690629
158.980404;106.640036;32.736058
32.576279;138.163070;-144.369139
-217.156190;44.384080;-5.839974
-95.534227;235.761729;-3.043206
-144.749344;223.497223;40.820485
174.251612;-123.651334;9.088768
-109.642694;236.029460;93.298471
-154.805974;30.658238;-131.088074
77.689083;182.489857;-90.905960
54.868959;-232.236342;-119.405998
-159.409126;-43.863442;110.070459
117.501075;-220.478540;-83.528204
-72.002242;59.514337;-189.470802
104.432198;-170.555381;-196.622269
150.166989;-36.206011;112.332839
149.099541;-26.736282;-186.159318
-149.084685;212.020341;63.515384
-190.645353;49.244808;-80.194909
6.213567;-45.958619;186.509422
136.068679;-167.342364;-181.537517
-9.528051;-121.201495;148.297110
72.698586;43.603474;-195.065600
98.730351;-61.369274;146.899927
-43.902937;78.027237;-195.287119
-58.634708;92.003310;-178.848419
-40.000824;165.316098;-125.265339
-59.176442;251.924549;51.797327
-98.522801;44.777500;-184.385643
-133.143146;167.537047;-77.837647
-14.490506;-8.188930;197.124285
-70.825218;-232.227561;-64.996912
114.769415;153.663770;78.284188
-35.036756;-7.051091;197.338603
92.245294;-79.306233;141.285437
140.972720;-30.570000;111.901334
4.781055;155.531213;-143.847332
-62.442176;119.105649;-168.521224
-151.918502;58.265164;-140.124950
144.915269;28.300680;117.791603
75.123621;204.587503;31.650844
119.969138;-107.951203;105.403619
-122.410672;102.520523;-151.191311
-100.581535;67.293984;-177.512875
-48.572273;-200.124373;-167.733060
-83.163322;-50.613076;-204.900958
-43.685880;-182.072410;-189.440637
-180.349257;101.219655;-88.907801
-117.749689;-13.344141;-184.424049
159.022316;58.558567;92.138831
-73.089778;-156.130452;90.808994
107.740458;-94.064036;119.694601
-107.563483;87.719654;-161.898549
-80.607697;-9.385884;-207.162459
-205.743588;101.551572;15.525954
123.690685;-41.100122;-193.464809
55.578307;-210.593848;38.744731
-111.036973;40.128523;-187.835773
-157.663271;21.438373;-138.508270
-79.587751;57.269749;-197.112508
-114.861036;-103.426569;114.714376
-116.394431;127.615169;-138.327687
-48.341182;86.912204;-198.855651
-57.409328;-176.442441;-176.281671
-175.335270;161.703834;-30.174262
-150.551152;-147.102883;-117.377087
207.332107;-2.158349;-19.501380
135.486791;5.010845;125.881103
165.162451;34.314023;89.125519
-87.226865;22.286898;-200.242172
180.925915;60.288615;-87.235567
-139.668652;14.550678;-166.823412
-14.451973;-129.552081;-224.739197
60.993882;-56.117994;-222.670068
91.295345;19.116314;168.814411
134.443122;115.709981;-101.627067
158.647245;-151.342435;16.281537
-46.303177;-7.986343;-215.469899
-16.933691;-109.851696;157.107051
111.321215;-45.933008;134.038099
112.378509;-9.741437;-209.261971
-14.940174;59.712036;-208.557905
139.441881;-120.175875;-179.916103
-35.429732;112.422800;200.557859
-108.788062;70.262550;-174.838230
136.675574;-38.160345;-193.406564
112.111903;5.274353;148.140161
-120.444740;142.987615;171.798922
-42.021537;12.527833;-216.316367
129.047933;58.385279;120.975416
-182.864948;54.632296;-106.261223
147.461451;-197.164919;-21.206762
85.462649;-129.072211;122.014738
144.791173;-135.362472;-175.971540
-13.107696;-203.239957;52.325237
165.993035;-49.999460;80.933338
-28.521885;46.171085;-202.227884
-101.997671;96.519696;-157.392414
90.214239;-67.669277;159.412616
-45.191778;103.595208;199.615443
98.038523;-48.184825;146.414592
61.234822;133.050677;155.434226
-18.385527;221.346236;149.715740
-103.254324;38.234710;-191.926519
93.268609;-245.840170;-117.752668
54.288962;201.888677;-54.662033
-70.322719;182.106555;-116.918708
-45.468176;227.510982;-41.036574
-177.461204;145.880324;104.175740
-165.899069;96.657685;-94.640947
-44.387741;216.817871;-71.361461
-201.427097;97.119771;-30.861220
-153.960544;-147.306783;-54.849910
169.898921;9.196068;-149.401803
-56.534647;63.146384;-196.057879
4.513035;-200.711327;80.165977
-139.775688;-116.107256;-148.391487
-1.200036;-94.471188;-239.106306
119.549528;-143.289966;77.032024
135.061421;-86.646623;110.007504
-110.433002;-161.430067;-128.737424
97.687444;-167.311747;67.624063
113.963786;-100.451883;117.823166
102.722940;-174.820282;69.333165
168.748926;-106.519111;-143.026461
-24.529358;-148.095333;120.318918
28.503384;-259.270237;-41.062381
-118.048360;93.803189;181.358853
88.832799;-68.047156;148.477365
-83.053046;-204.880661;-111.246304
4.186813;-0.699912;-229.642834
59.776165;-159.610903;108.616855
128.064017;-236.082341;-84.867413
-5.623079;235.841345;-32.806292
46.285262;83.142522;-197.784675
171.792335;-172.210603;-51.372154
191.663383;18.063580;13.636533
-39.060347;252.617444;64.854709
15.730808;-95.417403;-235.822272
-93.945839;97.668931;-159.374068
157.290076;103.299458;-47.722780
189.213257;-115.536228;-42.292590
169.654410;43.549270;44.702754
70.648480;-240.793757;-57.508850
-83.880891;-223.125245;-55.829021
196.280276;-82.403335;-122.836785
-128.300418;133.298568;-110.967850
119.560597;31.170103;138.030668
-0.028142;-221.732796;37.140354
123.727732;-40.541010;130.966024
-190.041355;53.677788;-63.677250
172.487984;63.118531;-78.179279
116.533091;-58.644118;134.803898
-174.025884;-38.571340;80.130459
-30.240186;-215.982195;37.251124
-21.760303;-239.341806;-45.656734
76.671671;29.143977;184.922692
-38.209662;43.944268;-202.512757
-102.604726;6.849695;-192.797860
170.551667;-168.698311;-51.809181
113.466810;-76.306822;132.297196
87.240509;26.380931;180.732582
-51.152179;255.738771;85.176770
14.104003;-189.718896;77.561677
-105.471459;22.572783;-186.927111
-56.457875;48.628212;-203.609993
148.598196;-90.602770;-181.873676
125.204607;123.979792;-84.166589
90.941800;-74.239756;148.291273
72.441965;-65.193995;159.549968
-45.299225;-234.876780;-66.198721
100.059058;-43.894811;148.003027
109.341623;133.042246;-107.029707
22.665924;-38.649499;181.201497
-166.996697;190.181876;62.953460
186.348203;-157.805410;-52.994253
-38.902825;-45.959104;-225.860485
-26.710923;-180.335892;91.245881
-103.527830;-177.631698;44.362354
98.537709;-77.188071;139.141394
-155.882867;88.231343;-115.607393
-92.301810;94.506063;-167.623943
8.884967;-241.287885;-132.525927
127.698323;-71.916680;113.119267
158.573891;-6.999669;100.182751
-36.797975;-150.623021;127.070952
109.850149;-80.936947;130.138980
-105.756888;-53.758282;157.798871
-181.820423;85.945764;-73.098867
52.653598;67.721304;-199.686921
-93.390051;-215.339644;-87.765255
-49.130475;232.489985;-38.208502
-22.416501;150.342393;-146.003650
90.603823;-68.943539;153.958362
-33.456706;-210.322972;54.648760
81.633132;41.746548;175.278055
93.211224;-49.923215;147.833387
111.096994;-16.272993;155.704208
46.835729;-149.768530;-227.278400
7.451176;2.698424;202.336101
148.526564;-131.214572;58.994411
-124.548345;154.368900;-101.243249
42.887076;195.094685;-83.885934
-66.459055;188.420120;-111.265477
150.438139;-155.625505;-141.988877
136.846603;-71.346232;103.981734
-102.830894;-181.954102;-126.885354
170.063756;82.930484;13.939070
129.957686;32.551457;132.578502
-74.221741;41.522363;-198.809138
-44.461814;-68.455674;173.961425
109.247237;151.524766;100.452879
105.827171;173.507499;86.109564
113.043748;77.508794;-159.059961
-110.054741;52.426946;-180.811933
-118.108674;18.500400;-170.828887
154.901481;-26.422267;115.283215
31.582982;-198.958813;65.173079
-153.860458;30.905036;-151.886841
-101.914492;40.939735;-185.249082
-106.674997;-0.405293;-191.159953
102.190773;160.774188;98.806778
-40.690326;-100.770601;-225.258639
-89.008267;4.370823;-202.456685
-108.396191;236.332050;42.862060
-96.330585;-156.378289;86.693408
-37.438420;124.956898;-164.676370
-128.588373;-176.570447;-25.500645
64.619306;-110.374746;135.481078
-210.015707;-2.630130;39.823847
58.594724;-252.061871;-107.560685
63.310970;-32.347403;166.740551
63.924056;73.261180;-194.116933
-179.519071;-48.855331;72.594811
-39.265690;8.279375;206.194648
12.336887;13.920670;201.546595
63.872720;-97.193966;137.210698
124.101599;-75.183208;119.062679
-114.275444;-59.599237;-183.408037
-34.123590;74.606786;-203.005432
-122.009843;-37.438746;-182.501067
38.187429;222.228896;74.833679
-29.998014;206.427007;-98.573065
-16.370435;-169.901330;-212.640795
158.151422;89.243895;71.843472
-200.271669;-9.635620;25.005943
194.229117;6.259997;-77.352853
71.001370;-220.493067;-174.934701
-148.351863;-27.894281;-152.760203
-171.143410;132.209489;130.040157
79.072525;-58.634277;161.321450
25.399374;193.116432;-84.769865
110.210232;-208.168889;24.335100
-186.982541;118.392542;111.139115
54.109828;-27.137397;-229.223147
-185.425231;166.291471;46.493784
-124.065740;38.648884;-167.068633
185.627663;56.070315;-43.078144
-95.833335;39.916599;-187.931119
178.167716;-148.499749;-20.065028
87.285001;-11.807029;166.114690
136.291370;-89.047363;100.237779
19.918129;-100.221219;155.141609
-91.278447;61.452384;-182.699898
-146.641016;58.650039;157.385075
185.286677;-23.123408;59.734422
165.551030;9.348377;89.166815
163.435747;-179.309693;-76.108805
-98.389671;-200.588190;-44.497627
-138.484277;23.263866;-161.677795
104.142833;-145.549150;102.640928
-173.259879;-99.095693;-2.288474
-187.484875;125.586515;-44.651006
-116.877221;-99.115194;-169.315437
183.856415;40.598577;38.145732
-116.218320;122.644048;-142.136007
29.929724;-226.045565;-166.863997
136.445810;-48.450130;124.539686
197.733988;-86.739929;-79.524591
-126.139424;-157.099537;37.327683
-77.767444;-88.255203;-205.881176
133.609856;-194.844614;-132.955171
147.119644;-160.100259;33.102289
29.042766;-94.343528;157.646631
95.764308;-221.510253;-127.247099
-122.128483;71.319356;-150.564382
-95.513731;248.100620;35.042335
-166.834662;-42.439978;-129.810166
43.537055;95.629011;182.319376
104.913178;-68.929960;147.673434
-169.742877;-45.371743;100.920239
185.437736;-82.315666;24.842171
47.886712;-180.844119;94.417403
36.715830;147.060297;-142.927390
-56.103846;-127.446823;-212.546390
30.470056;-259.710532;-51.890143
130.856404;-104.134511;-188.503357
191.313105;-146.086731;-84.680395
126.493123;-184.159474;39.572860
-205.528126;84.443835;54.744857
-22.954194;252.527706;43.512304
104.581706;7.362422;-206.971987
86.104793;-59.006153;153.303134
3.242735;-239.513631;14.129020
97.118516;-62.024337;147.077116
140.093112;-143.627104;60.550683
157.253075;8.084253;92.836768
14.039617;123.891758;194.032275
-63.662222;-139.469408;118.105681
1.563017;241.753570;85.722979
-186.628254;0.315056;104.063162
28.637277;-250.603909;-17.714532
38.314534;129.683281;188.940547
-60.068886;-132.216633;-205.653937
81.530324;-130.379159;127.601305
65.435463;-13.614812;181.426501
-112.602476;-68.551451;-188.542232
-168.631965;65.504755;143.652861
-83.934583;-196.084340;-112.453594
-193.798844;-50.141353;-27.879024
-88.002083;47.684095;-197.577893
-79.173484;68.701900;208.943918
88.695368;129.843985;-140.299542
-196.489316;117.936877;42.316586
-96.817964;-89.938464;-198.319619
-112.148963;86.755120;-162.482117
183.919455;54.518017;-27.543298
71.137940;-71.153891;158.853057
115.896177;171.233374;24.976662
85.899271;-206.439718;-168.488522
-69.699015;-209.674579;-125.508547
-43.834688;97.598749;-186.503668
-29.581134;-235.167958;-6.484761
-82.975120;123.134358;197.614145
85.361746;-29.902425;159.848843
-176.663782;106.090939;-84.471654
0.996380;-58.186668;180.680585
71.527989;56.404406;175.230432
71.054224;214.997791;7.592301
-171.034395;179.843461;0.010625
131.163526;-189.840546;-151.493343
0.440537;246.000897;71.602579
-104.338901;60.901298;-177.065535
90.641998;-156.054098;87.539797
-188.948243;136.335550;75.876301
48.636273;-108.966606;139.328227
188.173712;-127.232756;-27.152806
-179.975717;-44.314605;93.379120
-91.801599;10.340968;-197.777256
-116.906229;-31.262439;-188.565622
60.613440;-266.756321;-68.859892
176.483416;-161.820146;-88.995717
88.488066;-73.733590;144.125202
-198.659354;-38.234696;-6.527533
181.889447;-136.354159;-28.896334
-97.307279;229.305941;112.396222
124.424197;-159.165798;-193.290098
-91.589551;136.815063;183.299830
99.080487;-70.082833;143.993753
-151.484933;152.762432;-70.552462
106.320691;-78.196122;136.804131
114.800821;132.849824;113.265096
55.011106;75.296734;190.576918
-169.029474;166.149123;-0.815569
-108.594278;237.846033;45.283665
95.347879;-70.796786;148.949967
0.869939;182.268233;-115.452969
-97.466596;-67.533362;151.993757
120.607179;-90.289095;109.659800
-108.249263;17.037280;-184.947068
-82.751482;-98.550371;-201.940965
-31.016166;61.247892;-205.456678
-197.677545;100.397244;-29.134942
10.341089;-191.727717;-205.142519
-189.461840;-10.864633;-101.763248
-10.642559;72.270183;-214.826897
114.710367;-123.384605;101.460349
-208.426755;34.143939;11.399764
105.336319;-67.901253;139.212736
-22.563724;96.030718;-184.286795
-138.940344;19.603029;163.391539
-163.925005;-70.880721;81.446399
40.117241;225.256534;-39.523509
-171.824919;176.393789;3.089216
90.293125;194.702807;76.571907
-123.090874;-19.160490;-178.747601
-112.309431;51.143385;-170.839752
138.475123;66.785813;108.050190
37.711502;6.065661;192.811892
-197.341015;96.582167;-46.221485
114.803094;-230.307407;-108.594621
-20.232953;-26.133862;-238.655652
127.300360;-12.278193;131.529723
194.208730;-93.723472;16.555447
-137.841053;29.006518;-159.201326
-131.360760;77.749694;-165.224208
69.772843;-259.190595;-92.527659
-29.355864;134.361668;-174.948828
122.531904;76.380023;142.125140
-162.259576;162.423181;-37.047240
-110.158732;113.809743;-150.758073
195.766110;46.457942;-12.462541
113.085604;-87.153100;124.763875
116.992268;-201.162606;-158.031122
-128.057531;-164.404198;26.066794
71.828286;-57.719914;161.945796
-182.892712;172.412148;67.232137
155.298552;80.443105;77.103751
-82.047153;94.329656;-166.338416
54.645325;-56.143854;173.690314
129.065500;-41.389588;127.183050
117.400931;-147.864656;95.902203
-184.891774;-79.162167;-34.771342
-2.569189;154.648927;190.949131
95.501407;200.536176;1.455057
85.410860;-191.177622;64.466865
-138.876880;-70.643625;-151.580185
-24.533243;149.447227;197.741131
-156.002308;57.121790;158.708704
-70.619040;69.389710;-193.300571
-141.717468;-139.910574;-79.954170
84.558261;10.756720;162.936599
-188.056798;76.791408;130.180580
96.624419;-8.063846;164.911925
-147.749825;106.566123;-125.006962
50.315801;-112.389872;140.008531
-177.740128;140.103984;-55.900787
-169.019974;-62.200465;-112.228220
201.052685;-45.562530;6.903876
-72.452047;122.595715;201.330583
69.495115;217.721814;-20.200616
149.675215;119.284905;65.657391
129.895903;-58.141885;122.712609
130.280449;156.549832;-24.868181
100.924676;-95.410132;137.935676
169.309684;-186.944147;-92.436254
45.976532;-232.265828;8.916495
85.678916;-250.466277;-78.635772
-15.583118;114.111316;207.207183
-104.798176;54.364318;-173.719810
-187.874796;141.551843;24.992922
-11.481529;87.546500;204.199424
171.534950;35.647446;71.105540
97.267989;-203.353355;-169.564775
-160.260814;97.659170;-111.843724
169.845539;98.562585;-46.957173
-139.734627;38.495869;-160.374011
98.037688;-88.571247;137.262679
-172.639899;-61.420195;-97.533436
-178.161469;165.307832;-42.390446
-146.502166;79.914593;-140.225123
-44.108037;-25.587797;-225.280242
14.373599;168.163128;-131.243822
-109.358388;46.399313;-186.949857
49.486837;-8.921907;181.430219
171.460293;-8.694512;80.760464
85.443862;140.129315;143.188385
164.399932;78.710647;-101.504803
-73.915943;-28.338132;-215.771658
53.303748;-167.459191;100.800285
79.110329;87.289914;169.118863
168.637498;-182.343197;-90.804271
-104.044974;184.807307;160.464288
4.022367;174.989825;177.174390
-191.952034;-18.880956;-89.381828
-42.993790;209.540430;-85.339222
2.284834;-54.530617;-228.342265
2.461360;73.679590;-202.787603
-191.775238;143.440713;34.998068
134.334122;-109.407095;-203.622243
137.811070;108.592519;-90.294581
171.090736;18.462802;69.856762
38.874105;82.627350;190.383657
101.346656;188.774720;24.869443
-82.042795;196.381666;171.268648
-39.463556;-186.649087;73.013920
-154.076818;47.912352;-145.033794
-73.563671;-223.232314;-20.550288
170.946025;40.565412;61.505524
-56.235651;124.719848;198.840955
-194.738899;67.885263;-67.647927
-180.259479;105.723005;124.414324
-8.204629;131.060626;200.705970
-123.293843;227.642041;79.138117
-176.738157;-97.203009;-39.884812
-63.459653;-209.566228;27.453667
108.214441;81.177362;147.225218
-105.812187;3.648315;-202.344284
126.988332;-120.019131;94.388713
-180.583197;176.946597;48.021067
-40.558766;-105.190415;152.640229
146.377413;-207.166152;-57.556760
123.026491;-25.327336;146.948245
95.543003;-115.930272;-216.453204
39.062188;35.693739;197.575595
133.091616;-199.746262;-126.740719
140.178104;-142.013053;52.632007
170.224647;-162.852372;-9.591873
-7.290118;246.996488;98.454002
138.682052;59.036157;118.892130
76.594056;16.487213;167.112217
103.469297;-52.720914;140.803053
34.331567;-160.812447;-226.014163
-81.194007;80.581953;-178.450816
19.365219;-149.047449;-219.718801
-106.974819;56.170589;-171.681300
157.171244;56.960569;81.872014
-147.032518;-35.281422;-164.050464
21.659754;68.154578;-202.302759
84.085639;-136.913495;113.946465
-39.582154;89.410483;-189.825183
-96.861791;-193.385992;5.967626
-53.441728;247.840106;79.523503
-48.173971;-233.806291;-83.696865
-35.637905;16.922437;-229.318877
-168.892039;33.635127;-120.430623
61.601245;-75.719677;153.449284
30.748144;169.396414;-129.133050
169.493746;-169.558578;-123.831025
-113.896287;71.822024;-167.304478
-74.811170;-192.566755;51.884751
153.299630;-26.831976;105.818761
-73.955211;43.563234;-189.000789
149.539696;123.576323;49.990427
38.266296;-17.172589;-227.219941
-47.551809;-193.746896;-154.540361
43.007402;180.064270;-106.664455
-35.646467;-106.130841;-225.391887
-176.286829;54.397544;-111.267666
74.873777;-23.721319;167.402175
-216.981190;86.515491;5.332280
94.650653;-75.033700;135.643343
135.914323;-204.318231;-17.662671
129.623774;-117.000625;-185.138200
-151.184110;44.943798;157.609105
-172.652839;-121.758217;12.729622
91.765227;-90.453405;131.454304
-107.694246;-188.873709;-33.703905
36.149815;-144.015841;114.675940
-169.619226;16.447477;149.645373
-11.237989;-234.528168;-14.528646
129.275682;-158.673284;-180.953070
72.280978;105.335924;164.917700
160.002861;-117.391440;-150.978666
-145.369366;219.320487;43.393161
33.330223;-240.144387;-143.075176
-153.469033;-25.627306;-155.728055
-74.434871;-0.782877;-202.439740
-199.412391;19.168046;66.190933
9.394188;218.223231;-40.223637
-40.158202;208.725927;165.315379
-99.287514;57.242019;-179.408068
-123.011217;-64.681908;-181.824066
64.986453;144.254992;-138.224046
185.926699;48.265561;-31.552693
85.772624;134.803047;143.427695
45.863072;-186.465286;82.499341
-154.013938;46.164402;-149.471462
-20.472160;-222.392033;20.598440
187.077030;-53.236341;34.645264
17.289266;17.531565;-222.820999
172.830292;42.125926;-99.865242
23.450937;172.223470;-129.752826
-66.306540;77.523358;-181.571176
25.316300;-59.232164;-240.695745
-203.832305;-23.564373;-23.000233
-174.903660;-92.029915;19.049534
123.198229;-131.679530;-201.018616
-115.425475;-48.279204;-188.390231
88.530910;-222.524357;12.830185
-184.705585;96.107678;119.256896
34.952282;244.220068;39.265031
69.097595;-232.610321;-1.373509
90.631395;-63.928183;-220.526700
26.606184;-216.949122;-190.374963
167.083854;72.519412;60.904660
109.550275;-79.794315;120.436463
80.092846;-117.112461;131.413331
-186.266982;-8.608237;-105.259594
-160.529126;76.777967;-116.656901
-136.170359;-46.425096;145.391782
-80.974732;-21.244159;181.440816
-143.374863;-154.303709;9.491684
160.474134;-151.417448;-145.591047
-145.304917;18.450538;-155.718756
137.549833;-15.007617;-191.671951
159.306339;-129.375377;46.658879
112.590953;179.413778;31.936866
13.023408;-44.411388;-233.144610
-42.336605;252.170057;51.354198
-92.978713;48.487659;-188.820263
96.704422;179.904588;-71.830580
-174.006641;63.291058;-111.694340
-26.014292;45.174951;-219.945506
33.539195;-11.039207;182.933261
178.884405;-78.027233;-158.526403
-64.748682;-129.749907;-201.812145
108.512325;-11.560997;-208.808644
-125.595248;179.496251;-79.838809
-96.245480;217.616234;-35.792698
86.516479;-82.725953;148.865161
151.782425;-133.322732;-189.753445
122.905250;-97.852431;118.991474
-89.050793;-12.784733;-202.464252
-91.016694;-102.596117;142.131437
128.595438;-62.866596;-204.692244
139.991681;-117.187745;80.309567
-11.833317;-39.109817;181.713210
110.714194;-75.588804;122.982959
41.278703;41.878324;186.367560
52.079840;40.360924;-213.016699
-81.778993;241.792896;68.716110
-170.871863;108.098386;-89.575370
61.780039;224.618820;7.777922
61.356205;-113.926712;132.525588
-107.413810;-141.255597;98.227243
163.830169;-19.960722;91.831434
99.775203;-59.640732;150.957197
-27.257203;73.098240;-193.220227
188.791966;-53.230750;33.120731
-119.130380;3.923694;-173.448213
-193.062330;-58.555659;-26.161607
-216.161852;12.286289;-60.161514
121.764878;-11.852278;136.332417
-87.510006;238.281096;110.510931
17.675666;-122.315784;140.566076
-110.048506;9.020200;187.068299
-203.807141;37.749038;18.945971
-117.608221;47.653302;-176.964835
-87.308763;64.712303;-177.358046
4.785365;90.726337;199.037867
16.379313;-174.578743;93.426608
80.795338;-53.247584;155.462075
89.451736;-105.898598;131.096784
57.962176;-45.117537;163.221993
-204.575752;-27.210966;41.114317
-97.961532;-60.529929;164.337749
-154.993403;-120.543555;49.583405
67.980700;-203.388147;55.022246
-110.665705;-178.786949;-103.229337
63.453302;-225.905090;18.337015
-5.869444;-174.489192;-206.907469
-20.325550;-246.130166;-75.256712
-1.843801;34.233284;-211.347779
-41.615990;38.142968;206.604693
80.926167;-238.770966;-141.583072
44.887934;-119.163977;-231.430983
136.387370;93.448168;-121.297360
101.912248;-113.211092;115.107916
-129.332031;13.024806;-163.607592
154.463851;-187.833541;-128.709587
-74.128753;-107.522880;-203.006624
132.665126;26.040943;131.603592
86.222087;-117.753193;120.238795
-48.400326;41.197952;-206.435059
-8.319761;-143.392679;-222.654959
27.630011;-37.057589;-235.478343
-84.421291;227.891969;-30.158348
118.793087;-7.860195;140.448621
7.122631;168.830553;166.496648
182.094431;52.180436;-12.814999
132.060362;-155.598074;-181.826058
-170.548791;30.578777;-122.487103
-213.438675;71.313145;3.646646
-16.275720;4.970198;-226.977865
-25.984364;-27.593854;-234.094399
200.062605;-23.231664;-32.698851
1.303953;-114.886082;148.347847
104.954802;-10.929841;-199.060702
0.861734;-162.615017;118.593725
-108.029801;-151.584900;94.900376
-97.469264;-130.232708;-175.165418
189.516097;-62.391181;50.404274
-25.962884;38.609822;-213.186596
1.590271;41.953390;-212.478525
56.411583;-131.260099;-234.913056
-48.931004;231.036656;115.530286
170.826671;-105.208258;55.989663
4.179914;-118.085361;140.656311
-190.858547;24.561768;-94.380390
-71.529076;66.093919;208.295864
-151.841361;96.636557;-123.579564
78.356614;-64.470400;159.124495
178.405969;-129.824022;26.775388
-10.092428;34.880792;-217.354974
118.376308;110.690176;-128.198191
-154.650430;153.162599;-61.220461
105.656633;191.911530;34.740995
-97.784095;220.621080;-46.532483
-207.384058;68.192255;-32.751210
97.555495;-198.979017;-190.191571
-185.706222;149.524704;96.327904
14.627015;-11.190111;-229.576307
-15.820162;-215.371179;-162.345089
82.191585;-108.648343;125.252936
147.963802;-186.825983;-14.883597
182.803415;27.544569;54.129132